AIRLINE_CODE,ORIGIN_CODE,EXPECTED_DELAY
UA,FLL,5.29661751951431
UA,MSP,9.854545454545455
UA,DEN,8.182621236704525
UA,MCO,5.951206140350878
UA,DAL,
UA,DCA,-0.7837338262476895
UA,HSV,
UA,IAH,4.958104559560755
UA,SEA,-0.6886477462437396
UA,ATL,12.204545454545455
UA,RDU,5.836206896551724
UA,MDW,
UA,BDL,-2.2339622641509433
UA,BWI,-2.198090692124105
UA,STT,-0.7368421052631579
UA,SRQ,21.365269461077844
UA,JFK,-6.6103896103896105
UA,GRR,-3.245508982035928
UA,DFW,10.279697624190065
UA,CLT,10.2
UA,ORD,3.9364372469635627
UA,LAS,0.694300518134715
UA,TUL,-1.6805555555555556
UA,USA,
UA,SLC,11.296928327645052
UA,BNA,11.313465783664459
UA,AUS,3.662315056570931
UA,IND,7.754010695187166
UA,MHT,
UA,SFO,1.8696565171741413
UA,PRC,
UA,BOS,1.420949902407287
UA,LAX,-2.0489082969432313
UA,SMF,-0.8209876543209876
UA,DTW,4.283333333333333
UA,SAT,-0.7161500815660685
UA,MSY,3.6785714285714284
UA,CMH,10.034782608695652
UA,STL,7.336448598130841
UA,SJU,7.370666666666667
UA,PHX,0.9195100612423447
UA,TPA,4.229824561403508
UA,LGA,2.592841163310962
UA,PHL,-1.2307692307692308
UA,GRK,
UA,ILM,
UA,JLN,
UA,MKE,6.513513513513513
UA,BIL,7.328
UA,BLI,
UA,CHS,6.244019138755981
UA,RIC,1.0980392156862746
UA,GSO,
UA,MCI,1.8043478260869565
UA,EWR,10.896187756115733
UA,ELP,20.35
UA,SDF,16.902439024390244
UA,HPN,
UA,SAN,-0.17323420074349444
UA,BHM,6.0
UA,SJC,-2.325
UA,ASE,
UA,HNL,0.2839506172839506
UA,MAF,5.015625
UA,BUF,0.9528301886792453
UA,TUS,2.8666666666666667
UA,SYR,8.518987341772151
UA,MSN,5.703488372093023
UA,FAT,11.704918032786885
UA,FWA,
UA,LAN,
UA,ABI,
UA,ICT,10.894736842105264
UA,CMI,
UA,OAK,
UA,IAD,4.110661950480041
UA,EUG,7.390070921985815
UA,MIA,10.11168164313222
UA,CHA,
UA,BTV,0.8695652173913043
UA,RSW,12.108695652173912
UA,PDX,2.8638858397365534
UA,SNA,0.4568062827225131
UA,PIT,2.2514285714285713
UA,OGG,-2.821759259259259
UA,HRL,
UA,BIS,
UA,SHR,
UA,BOI,3.3566433566433567
UA,RNO,7.364485981308412
UA,GSP,6.6923076923076925
UA,MLB,
UA,GRB,11.0
UA,CRW,
UA,LGB,
UA,OKC,-2.25
UA,PVD,4.25
UA,YAK,
UA,CID,4.906666666666666
UA,FSD,-4.773333333333333
UA,HYS,
UA,VPS,
UA,ROC,14.735849056603774
UA,SAV,11.564705882352941
UA,CLE,-0.3687872763419483
UA,RDD,
UA,ANC,13.096551724137932
UA,DVL,
UA,SWO,
UA,BUR,-1.0188679245283019
UA,PIR,
UA,HOU,
UA,PBI,9.799472295514512
UA,MLI,
UA,AZA,
UA,MKG,
UA,PNS,-2.55
UA,MYR,14.794117647058824
UA,GTF,17.76923076923077
UA,LSE,
UA,RDM,2.5833333333333335
UA,ORF,10.94017094017094
UA,KOA,-2.9066666666666667
UA,MQT,
UA,COS,7.7894736842105265
UA,CVG,1.011764705882353
UA,MOB,
UA,AVL,
UA,BTR,58.0
UA,JNU,
UA,CDC,
UA,SPS,
UA,ECP,108.0
UA,JAX,6.104838709677419
UA,SBN,172.0
UA,RAP,1.188235294117647
UA,AMA,
UA,JMS,
UA,SFB,
UA,ABQ,14.714285714285714
UA,ALB,3.5
UA,BGM,
UA,MGM,
UA,MEM,10.075
UA,ONT,1.9047619047619047
UA,TVC,8.173913043478262
UA,GEG,9.13855421686747
UA,OMA,8.957142857142857
UA,ISP,
UA,DLH,-7.3076923076923075
UA,PIE,
UA,PSP,4.429447852760736
UA,ACY,
UA,BJI,
UA,LBB,
UA,SHV,
UA,TTN,
UA,PIA,
UA,GNV,
UA,PWM,1.072289156626506
UA,BZN,8.802158273381295
UA,BRW,
UA,MFR,6.1265822784810124
UA,GPT,
UA,ATW,
UA,DSM,-0.5666666666666667
UA,CKB,
UA,SGU,
UA,SBA,4.770992366412214
UA,OTZ,
UA,BGR,28.0
UA,XNA,19.0
UA,CAE,
UA,SGF,
UA,PGD,
UA,VLD,
UA,CPR,
UA,LIH,0.35602094240837695
UA,JAN,
UA,OAJ,
UA,ABE,
UA,EGE,26.43859649122807
UA,CRP,-8.0
UA,FNT,
UA,WRG,
UA,FCA,4.465346534653466
UA,CHO,
UA,MRY,
UA,SCE,
UA,AEX,
UA,MCW,
UA,RST,
UA,SIT,
UA,BMI,
UA,ACV,
UA,GCC,
UA,LFT,
UA,ITO,22.848484848484848
UA,ABY,
UA,GRI,
UA,BPT,
UA,APN,
UA,TLH,
UA,FSM,
UA,ALO,
UA,FAY,
UA,GJT,-3.1875
UA,IAG,
UA,FLG,
UA,LBE,
UA,CAK,
UA,BFL,
UA,VEL,
UA,STX,
UA,TYS,
UA,EYW,
UA,AVP,
UA,KTN,
UA,EVV,
UA,BRO,
UA,SWF,
UA,LIT,
UA,GGG,
UA,MSO,14.375
UA,PSC,
UA,SLN,
UA,SBP,
UA,BIH,
UA,MLU,
UA,HOB,
UA,DAY,
UA,DBQ,
UA,ROW,
UA,LEX,
UA,PIH,
UA,EWN,
UA,ESC,
UA,SUX,
UA,PAE,
UA,CNY,
UA,CDV,
UA,COU,
UA,LBF,
UA,MFE,-8.578947368421053
UA,PSE,
UA,LAR,
UA,FAI,-3.9393939393939394
UA,SCC,
UA,MTJ,10.068965517241379
UA,SJT,
UA,AGS,
UA,MDT,6.514285714285714
UA,ELM,
UA,HDN,9.421052631578947
UA,CWA,
UA,MOT,
UA,IDA,
UA,FAR,
UA,GFK,
UA,JAC,8.736434108527131
UA,LAW,
UA,SUN,
UA,IMT,
UA,LCH,
UA,CLL,
UA,PHF,
UA,TRI,
UA,BET,
UA,PBG,
UA,BQN,17.37704918032787
UA,BRD,
UA,DAB,
UA,DRO,-1.2857142857142858
UA,STS,
UA,ROA,
UA,DDC,
UA,INL,
UA,ORH,
UA,TXK,
UA,BFF,
UA,DHN,
UA,SCK,
UA,LRD,
UA,BTM,
UA,IPT,
UA,PIB,
UA,HYA,
UA,PVU,
UA,LBL,
UA,AZO,
UA,ACK,
UA,YUM,
UA,DRT,
UA,COD,
UA,LNK,3.0
UA,SHD,
UA,CIU,
UA,HLN,
UA,LWB,
UA,MEI,
UA,SAF,
UA,CYS,
UA,ABR,
UA,LCK,
UA,RKS,
UA,GCK,
UA,LWS,
UA,EAR,
UA,GTR,
UA,CSG,
UA,RFD,
UA,BLV,
UA,TYR,
UA,CMX,
UA,PAH,
UA,JST,
UA,TOL,
UA,PSG,
UA,MHK,
UA,YKM,
UA,EAT,
UA,SPI,
UA,BQK,
UA,TWF,
UA,PUB,
UA,DEC,
UA,ACT,
UA,HHH,
UA,PLN,
UA,HIB,
UA,GUC,
UA,ITH,
UA,OME,
UA,MBS,
UA,BFM,
UA,ADQ,
UA,LYH,
UA,RHI,
UA,ALW,
UA,DLG,
UA,ALS,
UA,MMH,
UA,XWA,
UA,SPN,-5.112676056338028
UA,MVY,
UA,ERI,
UA,PGV,
UA,HGR,
UA,ATY,
UA,SMX,
UA,HVN,
UA,CGI,
UA,BKG,
UA,DIK,
UA,AKN,
UA,RIW,
UA,FLO,
UA,GUM,-5.801724137931035
UA,EAU,
UA,TBN,
UA,HTS,
UA,PSM,
UA,EKO,
UA,PUW,
UA,FOD,
UA,CDB,
UA,WYS,
UA,OTH,
UA,VCT,
UA,PPG,
UA,OGS,
UA,ISN,
UA,ART,
UA,ILG,
UA,OWB,
UA,OGD,
UA,STC,
UA,GST,
UA,UIN,
UA,ADK,
DL,FLL,7.136415525114155
DL,MSP,-0.6439494680851063
DL,DEN,3.6649803260258573
DL,MCO,3.7307162534435263
DL,DAL,7.120622568093385
DL,DCA,0.6052215189873418
DL,HSV,-5.103004291845494
DL,IAH,3.3794594594594596
DL,SEA,0.5589490231304738
DL,ATL,2.2899292855401123
DL,RDU,0.14725568942436412
DL,MDW,1.135135135135135
DL,BDL,-4.254113345521024
DL,BWI,-0.6892382103990327
DL,STT,-3.176829268292683
DL,SRQ,2.2782608695652176
DL,JFK,1.3885958301934187
DL,GRR,-0.88
DL,DFW,4.809966777408638
DL,CLT,-2.997794928335171
DL,ORD,8.585365853658537
DL,LAS,1.6472031403336604
DL,TUL,-5.707182320441989
DL,USA,
DL,SLC,2.2775256127609906
DL,BNA,-3.023465703971119
DL,AUS,1.3845029239766082
DL,IND,-4.138364779874214
DL,MHT,-6.428571428571429
DL,SFO,-1.602652825836217
DL,PRC,
DL,BOS,2.5673249551166966
DL,LAX,0.5363760483713673
DL,SMF,2.5165289256198347
DL,DTW,-0.26623857742652507
DL,SAT,-0.1404109589041096
DL,MSY,-0.8426023084994754
DL,CMH,-5.4700239808153475
DL,STL,-3.3473520249221185
DL,SJU,-4.268571428571429
DL,PHX,-2.6556338028169013
DL,TPA,1.758696852567642
DL,LGA,3.8960522578812835
DL,PHL,-2.552042160737813
DL,GRK,
DL,ILM,-3.6129032258064515
DL,JLN,
DL,MKE,-5.4479338842975205
DL,BIL,-5.7560975609756095
DL,BLI,
DL,CHS,-1.7971014492753623
DL,RIC,-3.556390977443609
DL,GSO,-6.449367088607595
DL,MCI,-2.8968166849615806
DL,EWR,2.560105680317041
DL,ELP,-4.965811965811966
DL,SDF,-2.1641791044776117
DL,HPN,1.8780487804878048
DL,SAN,0.8889770023790642
DL,BHM,-1.7561576354679802
DL,SJC,-1.393939393939394
DL,ASE,
DL,HNL,-4.045977011494253
DL,MAF,
DL,BUF,-0.35668789808917195
DL,TUS,-4.2
DL,SYR,-3.492063492063492
DL,MSN,-3.0553359683794468
DL,FAT,
DL,FWA,
DL,LAN,
DL,ABI,
DL,ICT,-5.937984496124031
DL,CMI,
DL,OAK,-11.840425531914894
DL,IAD,-1.2939759036144578
DL,EUG,-9.5
DL,MIA,6.684487951807229
DL,CHA,2.0575539568345325
DL,BTV,-6.906976744186046
DL,RSW,-2.314390467461045
DL,PDX,0.1796577946768061
DL,SNA,10.924496644295303
DL,PIT,-2.4365079365079363
DL,OGG,-0.9461077844311377
DL,HRL,9.5
DL,BIS,9.038461538461538
DL,SHR,
DL,BOI,2.7818930041152266
DL,RNO,19.32456140350877
DL,GSP,-3.697674418604651
DL,MLB,-3.9206349206349205
DL,GRB,-0.08695652173913043
DL,CRW,-15.5
DL,LGB,-1.5263157894736843
DL,OKC,-3.4268774703557314
DL,PVD,-6.038674033149171
DL,YAK,
DL,CID,-8.947368421052632
DL,FSD,7.303030303030303
DL,HYS,
DL,VPS,-3.8426229508196723
DL,ROC,-5.938271604938271
DL,SAV,0.3407079646017699
DL,CLE,-3.352078239608802
DL,RDD,
DL,ANC,-4.564102564102564
DL,DVL,
DL,SWO,
DL,BUR,-8.066666666666666
DL,PIR,
DL,HOU,-3.9139344262295084
DL,PBI,6.3795966785290625
DL,MLI,
DL,AZA,
DL,MKG,
DL,PNS,-6.6479591836734695
DL,MYR,-1.6682926829268292
DL,GTF,-4.5
DL,LSE,
DL,RDM,
DL,ORF,-3.038369304556355
DL,KOA,-0.5232558139534884
DL,MQT,
DL,COS,-2.3076923076923075
DL,CVG,-1.407337723424271
DL,MOB,-9.256410256410257
DL,AVL,-3.212121212121212
DL,BTR,-5.8307692307692305
DL,JNU,-10.642857142857142
DL,CDC,
DL,SPS,
DL,ECP,-2.36996336996337
DL,JAX,-0.34143049932523617
DL,SBN,34.5
DL,RAP,-7.428571428571429
DL,AMA,
DL,JMS,
DL,SFB,
DL,ABQ,0.8695652173913043
DL,ALB,-4.621301775147929
DL,BGM,
DL,MGM,
DL,MEM,0.8619528619528619
DL,ONT,4.370535714285714
DL,TVC,1.9795918367346939
DL,GEG,-2.2931937172774868
DL,OMA,-0.4008438818565401
DL,ISP,
DL,DLH,10.666666666666666
DL,PIE,
DL,PSP,-5.958333333333333
DL,ACY,
DL,BJI,
DL,LBB,
DL,SHV,
DL,TTN,
DL,PIA,
DL,GNV,-2.935185185185185
DL,PWM,12.008130081300813
DL,BZN,1.6359649122807018
DL,BRW,
DL,MFR,
DL,GPT,0.625
DL,ATW,-1.5294117647058822
DL,DSM,13.45
DL,CKB,
DL,SGU,
DL,SBA,
DL,OTZ,
DL,BGR,
DL,XNA,7.483870967741935
DL,CAE,-5.503875968992248
DL,SGF,-7.6
DL,PGD,
DL,VLD,
DL,CPR,
DL,LIH,-0.696969696969697
DL,JAN,-6.114035087719298
DL,OAJ,-1.5384615384615385
DL,ABE,-7.133333333333334
DL,EGE,-1.7142857142857142
DL,CRP,
DL,FNT,-10.454545454545455
DL,WRG,
DL,FCA,4.676470588235294
DL,CHO,1.0555555555555556
DL,MRY,
DL,SCE,
DL,AEX,
DL,MCW,
DL,RST,-13.636363636363637
DL,SIT,
DL,BMI,
DL,ACV,
DL,GCC,
DL,LFT,3.611111111111111
DL,ITO,
DL,ABY,
DL,GRI,
DL,BPT,
DL,APN,
DL,TLH,-2.9393939393939394
DL,FSM,
DL,ALO,
DL,FAY,0.9047619047619048
DL,GJT,
DL,IAG,
DL,FLG,
DL,LBE,
DL,CAK,-11.61111111111111
DL,BFL,
DL,VEL,
DL,STX,-3.727272727272727
DL,TYS,-2.9
DL,EYW,3.219730941704036
DL,AVP,-4.071428571428571
DL,KTN,
DL,EVV,-4.416666666666667
DL,BRO,
DL,SWF,
DL,LIT,-4.405797101449275
DL,GGG,
DL,MSO,4.36144578313253
DL,PSC,-2.466666666666667
DL,SLN,
DL,SBP,
DL,BIH,
DL,MLU,
DL,HOB,
DL,DAY,-4.276923076923077
DL,DBQ,
DL,ROW,
DL,LEX,-0.3712121212121212
DL,PIH,
DL,EWN,
DL,ESC,
DL,SUX,
DL,PAE,
DL,CNY,
DL,CDV,
DL,COU,
DL,LBF,
DL,MFE,
DL,PSE,
DL,LAR,
DL,FAI,1.0795454545454546
DL,SCC,
DL,MTJ,-11.4
DL,SJT,
DL,AGS,-4.379310344827586
DL,MDT,-7.479591836734694
DL,ELM,
DL,HDN,-5.875
DL,CWA,
DL,MOT,
DL,IDA,-5.666666666666667
DL,FAR,-9.583333333333334
DL,GFK,-17.666666666666668
DL,JAC,16.94818652849741
DL,LAW,
DL,SUN,
DL,IMT,
DL,LCH,
DL,CLL,
DL,PHF,-11.8
DL,TRI,-4.666666666666667
DL,BET,
DL,PBG,
DL,BQN,
DL,BRD,
DL,DAB,-5.695652173913044
DL,DRO,
DL,STS,
DL,ROA,-1.105263157894737
DL,DDC,
DL,INL,
DL,ORH,
DL,TXK,
DL,BFF,
DL,DHN,
DL,SCK,
DL,LRD,
DL,BTM,
DL,IPT,
DL,PIB,
DL,HYA,
DL,PVU,
DL,LBL,
DL,AZO,
DL,ACK,
DL,YUM,
DL,DRT,
DL,COD,
DL,LNK,
DL,SHD,
DL,CIU,
DL,HLN,
DL,LWB,
DL,MEI,
DL,SAF,
DL,CYS,
DL,ABR,
DL,LCK,
DL,RKS,
DL,GCK,
DL,LWS,
DL,EAR,
DL,GTR,
DL,CSG,
DL,RFD,
DL,BLV,
DL,TYR,
DL,CMX,
DL,PAH,
DL,JST,
DL,TOL,
DL,PSG,
DL,MHK,
DL,YKM,
DL,EAT,
DL,SPI,
DL,BQK,
DL,TWF,
DL,PUB,
DL,DEC,
DL,ACT,
DL,HHH,
DL,PLN,
DL,HIB,
DL,GUC,
DL,ITH,
DL,OME,
DL,MBS,
DL,BFM,
DL,ADQ,
DL,LYH,
DL,RHI,
DL,ALW,
DL,DLG,
DL,ALS,
DL,MMH,
DL,XWA,
DL,SPN,
DL,MVY,
DL,ERI,
DL,PGV,
DL,HGR,
DL,ATY,
DL,SMX,
DL,HVN,
DL,CGI,
DL,BKG,
DL,DIK,
DL,AKN,
DL,RIW,
DL,FLO,
DL,GUM,
DL,EAU,
DL,TBN,
DL,HTS,
DL,PSM,
DL,EKO,
DL,PUW,
DL,FOD,
DL,CDB,
DL,WYS,
DL,OTH,
DL,VCT,
DL,PPG,
DL,OGS,
DL,ISN,
DL,ART,
DL,ILG,
DL,OWB,
DL,OGD,
DL,STC,
DL,GST,
DL,UIN,
DL,ADK,
NK,FLL,8.479108635097493
NK,MSP,5.255813953488372
NK,DEN,3.6455142231947484
NK,MCO,14.375928217821782
NK,DAL,
NK,DCA,
NK,HSV,
NK,IAH,6.828413284132841
NK,SEA,8.656410256410256
NK,ATL,8.858232676414495
NK,RDU,13.857142857142858
NK,MDW,
NK,BDL,4.057142857142857
NK,BWI,8.214087117701576
NK,STT,9.451219512195122
NK,SRQ,
NK,JFK,
NK,GRR,
NK,DFW,11.212221304706853
NK,CLT,22.966183574879228
NK,ORD,7.958135860979463
NK,LAS,7.55902004454343
NK,TUL,
NK,USA,
NK,SLC,25.75
NK,BNA,12.086466165413533
NK,AUS,6.8712328767123285
NK,IND,11.104545454545455
NK,MHT,16.142857142857142
NK,SFO,
NK,PRC,
NK,BOS,9.483050847457626
NK,LAX,5.369910282953761
NK,SMF,7.963768115942029
NK,DTW,2.6477864583333335
NK,SAT,10.206896551724139
NK,MSY,3.0872395833333335
NK,CMH,8.773381294964029
NK,STL,13.1010101010101
NK,SJU,7.189368770764119
NK,PHX,14.444444444444445
NK,TPA,3.551142005958292
NK,LGA,4.6644736842105265
NK,PHL,4.633838383838384
NK,GRK,
NK,ILM,
NK,JLN,
NK,MKE,13.54368932038835
NK,BIL,
NK,BLI,
NK,CHS,15.7
NK,RIC,11.271929824561404
NK,GSO,-6.619047619047619
NK,MCI,9.957983193277311
NK,EWR,6.861248761149653
NK,ELP,
NK,SDF,18.345238095238095
NK,HPN,
NK,SAN,6.32421875
NK,BHM,
NK,SJC,15.23076923076923
NK,ASE,
NK,HNL,
NK,MAF,
NK,BUF,
NK,TUS,
NK,SYR,
NK,MSN,
NK,FAT,
NK,FWA,
NK,LAN,
NK,ABI,
NK,ICT,
NK,CMI,
NK,OAK,5.109144542772861
NK,IAD,
NK,EUG,
NK,MIA,13.390756302521009
NK,CHA,
NK,BTV,
NK,RSW,4.058212058212058
NK,PDX,6.544117647058823
NK,SNA,11.821428571428571
NK,PIT,7.51912568306011
NK,OGG,
NK,HRL,
NK,BIS,
NK,SHR,
NK,BOI,43.0
NK,RNO,0.8148148148148148
NK,GSP,
NK,MLB,
NK,GRB,
NK,CRW,9.0
NK,LGB,
NK,OKC,
NK,PVD,
NK,YAK,
NK,CID,
NK,FSD,
NK,HYS,
NK,VPS,
NK,ROC,-8.833333333333334
NK,SAV,
NK,CLE,6.2782426778242675
NK,RDD,
NK,ANC,
NK,DVL,
NK,SWO,
NK,BUR,6.566265060240964
NK,PIR,
NK,HOU,
NK,PBI,9.25
NK,MLI,
NK,AZA,
NK,MKG,
NK,PNS,14.5625
NK,MYR,6.719072164948454
NK,GTF,
NK,LSE,
NK,RDM,
NK,ORF,40.53846153846154
NK,KOA,
NK,MQT,
NK,COS,
NK,CVG,
NK,MOB,
NK,AVL,-0.6206896551724138
NK,BTR,
NK,JNU,
NK,CDC,
NK,SPS,
NK,ECP,
NK,JAX,-2.073170731707317
NK,SBN,
NK,RAP,
NK,AMA,
NK,JMS,
NK,SFB,
NK,ABQ,47.25
NK,ALB,
NK,BGM,
NK,MGM,
NK,MEM,-1.7333333333333334
NK,ONT,
NK,TVC,
NK,GEG,
NK,OMA,
NK,ISP,
NK,DLH,
NK,PIE,
NK,PSP,
NK,ACY,3.162280701754386
NK,BJI,
NK,LBB,
NK,SHV,
NK,TTN,
NK,PIA,
NK,GNV,
NK,PWM,
NK,BZN,
NK,BRW,
NK,MFR,
NK,GPT,
NK,ATW,
NK,DSM,
NK,CKB,
NK,SGU,
NK,SBA,
NK,OTZ,
NK,BGR,
NK,XNA,
NK,CAE,
NK,SGF,
NK,PGD,
NK,VLD,
NK,CPR,
NK,LIH,
NK,JAN,
NK,OAJ,
NK,ABE,
NK,EGE,
NK,CRP,
NK,FNT,
NK,WRG,
NK,FCA,
NK,CHO,
NK,MRY,
NK,SCE,
NK,AEX,
NK,MCW,
NK,RST,
NK,SIT,
NK,BMI,
NK,ACV,
NK,GCC,
NK,LFT,
NK,ITO,
NK,ABY,
NK,GRI,
NK,BPT,
NK,APN,
NK,TLH,
NK,FSM,
NK,ALO,
NK,FAY,
NK,GJT,
NK,IAG,2.5294117647058822
NK,FLG,
NK,LBE,-3.5316455696202533
NK,CAK,6.204545454545454
NK,BFL,
NK,VEL,
NK,STX,9.829787234042554
NK,TYS,
NK,EYW,
NK,AVP,
NK,KTN,
NK,EVV,
NK,BRO,
NK,SWF,
NK,LIT,
NK,GGG,
NK,MSO,
NK,PSC,
NK,SLN,
NK,SBP,
NK,BIH,
NK,MLU,
NK,HOB,
NK,DAY,
NK,DBQ,
NK,ROW,
NK,LEX,
NK,PIH,
NK,EWN,
NK,ESC,
NK,SUX,
NK,PAE,
NK,CNY,
NK,CDV,
NK,COU,
NK,LBF,
NK,MFE,
NK,PSE,26.46153846153846
NK,LAR,
NK,FAI,
NK,SCC,
NK,MTJ,
NK,SJT,
NK,AGS,
NK,MDT,
NK,ELM,
NK,HDN,
NK,CWA,
NK,MOT,
NK,IDA,
NK,FAR,
NK,GFK,
NK,JAC,
NK,LAW,
NK,SUN,
NK,IMT,
NK,LCH,
NK,CLL,
NK,PHF,
NK,TRI,
NK,BET,
NK,PBG,13.583333333333334
NK,BQN,18.864197530864196
NK,BRD,
NK,DAB,
NK,DRO,
NK,STS,
NK,ROA,
NK,DDC,
NK,INL,
NK,ORH,
NK,TXK,
NK,BFF,
NK,DHN,
NK,SCK,
NK,LRD,
NK,BTM,
NK,IPT,
NK,PIB,
NK,HYA,
NK,PVU,
NK,LBL,
NK,AZO,
NK,ACK,
NK,YUM,
NK,DRT,
NK,COD,
NK,LNK,
NK,SHD,
NK,CIU,
NK,HLN,
NK,LWB,
NK,MEI,
NK,SAF,
NK,CYS,
NK,ABR,
NK,LCK,
NK,RKS,
NK,GCK,
NK,LWS,
NK,EAR,
NK,GTR,
NK,CSG,
NK,RFD,
NK,BLV,
NK,TYR,
NK,CMX,
NK,PAH,
NK,JST,
NK,TOL,
NK,PSG,
NK,MHK,
NK,YKM,
NK,EAT,
NK,SPI,
NK,BQK,
NK,TWF,
NK,PUB,
NK,DEC,
NK,ACT,
NK,HHH,
NK,PLN,
NK,HIB,
NK,GUC,
NK,ITH,
NK,OME,
NK,MBS,
NK,BFM,
NK,ADQ,
NK,LYH,
NK,RHI,
NK,ALW,
NK,DLG,
NK,ALS,
NK,MMH,
NK,XWA,
NK,SPN,
NK,MVY,
NK,ERI,
NK,PGV,
NK,HGR,
NK,ATY,
NK,SMX,
NK,HVN,
NK,CGI,
NK,BKG,
NK,DIK,
NK,AKN,
NK,RIW,
NK,FLO,
NK,GUM,
NK,EAU,
NK,TBN,
NK,HTS,
NK,PSM,
NK,EKO,
NK,PUW,
NK,FOD,
NK,CDB,
NK,WYS,
NK,OTH,
NK,VCT,
NK,PPG,
NK,OGS,
NK,ISN,
NK,ART,
NK,ILG,
NK,OWB,
NK,OGD,
NK,STC,
NK,GST,
NK,UIN,
NK,ADK,
WN,FLL,1.6818344679326407
WN,MSP,2.3924324324324324
WN,DEN,7.501411404145496
WN,MCO,6.178970171638061
WN,DAL,4.902211055276382
WN,DCA,3.16812865497076
WN,HSV,
WN,IAH,3.6240740740740742
WN,SEA,1.9915433403805496
WN,ATL,2.913710273466371
WN,RDU,0.7840065952184666
WN,MDW,5.1555373853002635
WN,BDL,0.2468354430379747
WN,BWI,5.986986579910533
WN,STT,
WN,SRQ,5.295165394402035
WN,JFK,
WN,GRR,-3.820143884892086
WN,DFW,
WN,CLT,1.1995661605206074
WN,ORD,14.252720677146312
WN,LAS,6.760529826567563
WN,TUL,-2.6292466765140325
WN,USA,
WN,SLC,3.536213468869123
WN,BNA,1.984212970128463
WN,AUS,4.951887490747595
WN,IND,0.42578912021490933
WN,MHT,-4.401273885350318
WN,SFO,-1.0672328379334748
WN,PRC,
WN,BOS,-1.254639175257732
WN,LAX,1.7167449139280124
WN,SMF,1.311543134872418
WN,DTW,1.2198473282442748
WN,SAT,0.9774620284174425
WN,MSY,6.405053883314753
WN,CMH,-0.6165550821667681
WN,STL,2.924308039917153
WN,SJU,0.6650246305418719
WN,PHX,4.886834733893558
WN,TPA,3.9522203485103993
WN,LGA,5.120381406436233
WN,PHL,-1.8352534562211982
WN,GRK,
WN,ILM,
WN,JLN,
WN,MKE,-0.17373461012311903
WN,BIL,
WN,BLI,-0.1095890410958904
WN,CHS,2.8947368421052633
WN,RIC,-0.7777777777777778
WN,GSO,
WN,MCI,1.4039228723404256
WN,EWR,14.5
WN,ELP,0.583495145631068
WN,SDF,-1.088235294117647
WN,HPN,
WN,SAN,1.137882162381049
WN,BHM,2.6571969696969697
WN,SJC,1.2683082148163871
WN,ASE,
WN,HNL,0.025087108013937282
WN,MAF,0.27941176470588236
WN,BUF,-0.1037463976945245
WN,TUS,0.01984126984126984
WN,SYR,-4.819444444444445
WN,MSN,
WN,FAT,15.862068965517242
WN,FWA,
WN,LAN,
WN,ABI,
WN,ICT,-6.522842639593908
WN,CMI,
WN,OAK,2.0192236598890942
WN,IAD,-2.7406015037593985
WN,EUG,3.9107142857142856
WN,MIA,10.752755905511812
WN,CHA,
WN,BTV,
WN,RSW,3.5179801071155317
WN,PDX,1.0690131124913733
WN,SNA,2.804553264604811
WN,PIT,-0.2857142857142857
WN,OGG,-0.6100244498777506
WN,HRL,-1.5797665369649805
WN,BIS,
WN,SHR,
WN,BOI,-1.765886287625418
WN,RNO,2.0205128205128204
WN,GSP,-6.591928251121076
WN,MLB,
WN,GRB,
WN,CRW,
WN,LGB,2.1849507735583686
WN,OKC,2.316789862724393
WN,PVD,4.0315186246418335
WN,YAK,
WN,CID,
WN,FSD,
WN,HYS,
WN,VPS,3.3013698630136985
WN,ROC,-2.978165938864629
WN,SAV,4.33502538071066
WN,CLE,-1.9307692307692308
WN,RDD,
WN,ANC,
WN,DVL,
WN,SWO,
WN,BUR,2.2359985910531877
WN,PIR,
WN,HOU,3.664852667905495
WN,PBI,0.14482758620689656
WN,MLI,
WN,AZA,
WN,MKG,
WN,PNS,-0.802547770700637
WN,MYR,-0.861244019138756
WN,GTF,
WN,LSE,
WN,RDM,
WN,ORF,1.9783132530120482
WN,KOA,-0.4764044943820225
WN,MQT,
WN,COS,1.5125
WN,CVG,-2.4601063829787235
WN,MOB,
WN,AVL,
WN,BTR,
WN,JNU,
WN,CDC,
WN,SPS,
WN,ECP,4.442516268980477
WN,JAX,2.524390243902439
WN,SBN,
WN,RAP,
WN,AMA,-1.037037037037037
WN,JMS,
WN,SFB,
WN,ABQ,1.925074183976261
WN,ALB,-0.9806034482758621
WN,BGM,
WN,MGM,
WN,MEM,2.1172022684310017
WN,ONT,0.36952498457742133
WN,TVC,
WN,GEG,1.7483660130718954
WN,OMA,3.288977159880834
WN,ISP,-0.4613686534216336
WN,DLH,
WN,PIE,
WN,PSP,-0.7013888888888888
WN,ACY,
WN,BJI,
WN,LBB,-0.5710659898477157
WN,SHV,
WN,TTN,
WN,PIA,
WN,GNV,
WN,PWM,-1.4829268292682927
WN,BZN,5.392045454545454
WN,BRW,
WN,MFR,
WN,GPT,
WN,ATW,
WN,DSM,-1.8844221105527639
WN,CKB,
WN,SGU,
WN,SBA,5.898089171974522
WN,OTZ,
WN,BGR,
WN,XNA,
WN,CAE,
WN,SGF,
WN,PGD,
WN,VLD,
WN,CPR,
WN,LIH,1.6838709677419355
WN,JAN,-9.148936170212766
WN,OAJ,
WN,ABE,
WN,EGE,
WN,CRP,-6.625
WN,FNT,
WN,WRG,
WN,FCA,
WN,CHO,
WN,MRY,
WN,SCE,
WN,AEX,
WN,MCW,
WN,RST,
WN,SIT,
WN,BMI,
WN,ACV,
WN,GCC,
WN,LFT,
WN,ITO,-3.0297619047619047
WN,ABY,
WN,GRI,
WN,BPT,
WN,APN,
WN,TLH,
WN,FSM,
WN,ALO,
WN,FAY,
WN,GJT,
WN,IAG,
WN,FLG,
WN,LBE,
WN,CAK,
WN,BFL,
WN,VEL,
WN,STX,
WN,TYS,
WN,EYW,
WN,AVP,
WN,KTN,
WN,EVV,
WN,BRO,
WN,SWF,
WN,LIT,3.382183908045977
WN,GGG,
WN,MSO,
WN,PSC,
WN,SLN,
WN,SBP,
WN,BIH,
WN,MLU,
WN,HOB,
WN,DAY,
WN,DBQ,
WN,ROW,
WN,LEX,
WN,PIH,
WN,EWN,
WN,ESC,
WN,SUX,
WN,PAE,
WN,CNY,
WN,CDV,
WN,COU,
WN,LBF,
WN,MFE,
WN,PSE,
WN,LAR,
WN,FAI,
WN,SCC,
WN,MTJ,-7.206896551724138
WN,SJT,
WN,AGS,
WN,MDT,
WN,ELM,
WN,HDN,9.428571428571429
WN,CWA,
WN,MOT,
WN,IDA,
WN,FAR,
WN,GFK,
WN,JAC,
WN,LAW,
WN,SUN,
WN,IMT,
WN,LCH,
WN,CLL,
WN,PHF,
WN,TRI,
WN,BET,
WN,PBG,
WN,BQN,
WN,BRD,
WN,DAB,
WN,DRO,
WN,STS,
WN,ROA,
WN,DDC,
WN,INL,
WN,ORH,
WN,TXK,
WN,BFF,
WN,DHN,
WN,SCK,
WN,LRD,
WN,BTM,
WN,IPT,
WN,PIB,
WN,HYA,
WN,PVU,
WN,LBL,
WN,AZO,
WN,ACK,
WN,YUM,
WN,DRT,
WN,COD,
WN,LNK,
WN,SHD,
WN,CIU,
WN,HLN,
WN,LWB,
WN,MEI,
WN,SAF,
WN,CYS,
WN,ABR,
WN,LCK,
WN,RKS,
WN,GCK,
WN,LWS,
WN,EAR,
WN,GTR,
WN,CSG,
WN,RFD,
WN,BLV,
WN,TYR,
WN,CMX,
WN,PAH,
WN,JST,
WN,TOL,
WN,PSG,
WN,MHK,
WN,YKM,
WN,EAT,
WN,SPI,
WN,BQK,
WN,TWF,
WN,PUB,
WN,DEC,
WN,ACT,
WN,HHH,
WN,PLN,
WN,HIB,
WN,GUC,
WN,ITH,
WN,OME,
WN,MBS,
WN,BFM,
WN,ADQ,
WN,LYH,
WN,RHI,
WN,ALW,
WN,DLG,
WN,ALS,
WN,MMH,
WN,XWA,
WN,SPN,
WN,MVY,
WN,ERI,
WN,PGV,
WN,HGR,
WN,ATY,
WN,SMX,
WN,HVN,
WN,CGI,
WN,BKG,
WN,DIK,
WN,AKN,
WN,RIW,
WN,FLO,
WN,GUM,
WN,EAU,
WN,TBN,
WN,HTS,
WN,PSM,
WN,EKO,
WN,PUW,
WN,FOD,
WN,CDB,
WN,WYS,
WN,OTH,
WN,VCT,
WN,PPG,
WN,OGS,
WN,ISN,
WN,ART,
WN,ILG,
WN,OWB,
WN,OGD,
WN,STC,
WN,GST,
WN,UIN,
WN,ADK,
AA,FLL,4.582217973231358
AA,MSP,-1.2969613259668509
AA,DEN,6.943197755960729
AA,MCO,6.647473560517039
AA,DAL,
AA,DCA,1.6683417085427135
AA,HSV,-2.4
AA,IAH,17.07638888888889
AA,SEA,5.887878787878788
AA,ATL,7.526315789473684
AA,RDU,6.726016884113584
AA,MDW,
AA,BDL,-0.56353591160221
AA,BWI,-0.7408585055643879
AA,STT,5.352750809061488
AA,SRQ,5.444444444444445
AA,JFK,-0.6788029925187032
AA,GRR,26.363636363636363
AA,DFW,10.790022573363432
AA,CLT,5.640748413828823
AA,ORD,9.060352592973878
AA,LAS,4.311991869918699
AA,TUL,6.252077562326869
AA,USA,
AA,SLC,6.282287822878229
AA,BNA,2.196886446886447
AA,AUS,8.067946058091286
AA,IND,7.162251655629139
AA,MHT,-0.2222222222222222
AA,SFO,1.975842339478703
AA,PRC,
AA,BOS,1.596790713554114
AA,LAX,3.4423236514522824
AA,SMF,3.9871323529411766
AA,DTW,-2.6307448494453247
AA,SAT,6.991126885536824
AA,MSY,5.638136511375948
AA,CMH,17.253521126760564
AA,STL,6.6507128309572305
AA,SJU,3.287581699346405
AA,PHX,2.42111444603941
AA,TPA,4.85112205801861
AA,LGA,2.901889534883721
AA,PHL,2.4869661674986134
AA,GRK,
AA,ILM,1.6646341463414633
AA,JLN,
AA,MKE,7.181102362204724
AA,BIL,
AA,BLI,
AA,CHS,9.410112359550562
AA,RIC,2.21
AA,GSO,7.961165048543689
AA,MCI,0.4874074074074074
AA,EWR,6.018819503849444
AA,ELP,14.51685393258427
AA,SDF,25.208
AA,HPN,
AA,SAN,7.005872483221476
AA,BHM,29.175
AA,SJC,-0.0026041666666666665
AA,ASE,
AA,HNL,-4.452685421994885
AA,MAF,6.857142857142857
AA,BUF,19.860696517412936
AA,TUS,7.003898635477583
AA,SYR,2.4836601307189543
AA,MSN,40.99173553719008
AA,FAT,11.941441441441441
AA,FWA,
AA,LAN,
AA,ABI,
AA,ICT,18.73170731707317
AA,CMI,
AA,OAK,24.44736842105263
AA,IAD,1.4074074074074074
AA,EUG,10.947368421052632
AA,MIA,10.563766388557807
AA,CHA,
AA,BTV,-5.8
AA,RSW,6.878537735849057
AA,PDX,7.56359649122807
AA,SNA,1.6887700534759358
AA,PIT,2.743279569892473
AA,OGG,-7.152027027027027
AA,HRL,
AA,BIS,
AA,SHR,
AA,BOI,17.191358024691358
AA,RNO,2.0741839762611276
AA,GSP,10.290598290598291
AA,MLB,-9.25
AA,GRB,44.0
AA,CRW,
AA,LGB,
AA,OKC,8.412307692307692
AA,PVD,6.7923728813559325
AA,YAK,
AA,CID,7.5
AA,FSD,28.705882352941178
AA,HYS,
AA,VPS,9.568807339449542
AA,ROC,9.08108108108108
AA,SAV,9.512953367875648
AA,CLE,2.8170212765957445
AA,RDD,
AA,ANC,9.11111111111111
AA,DVL,
AA,SWO,
AA,BUR,6.427631578947368
AA,PIR,
AA,HOU,
AA,PBI,5.031292517006802
AA,MLI,
AA,AZA,
AA,MKG,
AA,PNS,21.06
AA,MYR,2.8141025641025643
AA,GTF,
AA,LSE,
AA,RDM,
AA,ORF,9.022535211267606
AA,KOA,-8.590909090909092
AA,MQT,
AA,COS,16.38421052631579
AA,CVG,2.755364806866953
AA,MOB,
AA,AVL,13.465116279069768
AA,BTR,
AA,JNU,
AA,CDC,
AA,SPS,
AA,ECP,19.11111111111111
AA,JAX,4.479942693409742
AA,SBN,
AA,RAP,-11.222222222222221
AA,AMA,19.933333333333334
AA,JMS,
AA,SFB,
AA,ABQ,9.487671232876712
AA,ALB,3.4608695652173913
AA,BGM,
AA,MGM,
AA,MEM,13.741818181818182
AA,ONT,7.491646778042959
AA,TVC,13.6
AA,GEG,6.687861271676301
AA,OMA,5.850340136054422
AA,ISP,
AA,DLH,
AA,PIE,
AA,PSP,-1.0104166666666667
AA,ACY,
AA,BJI,
AA,LBB,10.36734693877551
AA,SHV,
AA,TTN,
AA,PIA,
AA,GNV,
AA,PWM,8.450777202072539
AA,BZN,2.2818181818181817
AA,BRW,
AA,MFR,
AA,GPT,
AA,ATW,
AA,DSM,0.8049792531120332
AA,CKB,
AA,SGU,
AA,SBA,2.766990291262136
AA,OTZ,
AA,BGR,2.0
AA,XNA,38.66233766233766
AA,CAE,4.421875
AA,SGF,
AA,PGD,
AA,VLD,
AA,CPR,
AA,LIH,7.696428571428571
AA,JAN,
AA,OAJ,
AA,ABE,
AA,EGE,17.932926829268293
AA,CRP,
AA,FNT,
AA,WRG,
AA,FCA,86.22857142857143
AA,CHO,
AA,MRY,30.57894736842105
AA,SCE,
AA,AEX,
AA,MCW,
AA,RST,
AA,SIT,
AA,BMI,
AA,ACV,
AA,GCC,
AA,LFT,
AA,ITO,
AA,ABY,
AA,GRI,
AA,BPT,
AA,APN,
AA,TLH,
AA,FSM,
AA,ALO,
AA,FAY,
AA,GJT,
AA,IAG,
AA,FLG,
AA,LBE,
AA,CAK,
AA,BFL,-6.833333333333333
AA,VEL,
AA,STX,-8.073170731707316
AA,TYS,17.20754716981132
AA,EYW,15.777777777777779
AA,AVP,-7.916666666666667
AA,KTN,
AA,EVV,
AA,BRO,
AA,SWF,
AA,LIT,19.038961038961038
AA,GGG,
AA,MSO,14.038461538461538
AA,PSC,
AA,SLN,
AA,SBP,94.54545454545455
AA,BIH,
AA,MLU,
AA,HOB,
AA,DAY,
AA,DBQ,
AA,ROW,
AA,LEX,-0.9444444444444444
AA,PIH,
AA,EWN,
AA,ESC,
AA,SUX,
AA,PAE,
AA,CNY,
AA,CDV,
AA,COU,
AA,LBF,
AA,MFE,18.492957746478872
AA,PSE,
AA,LAR,
AA,FAI,-1.0
AA,SCC,
AA,MTJ,28.402985074626866
AA,SJT,
AA,AGS,-2.0
AA,MDT,-7.623376623376624
AA,ELM,
AA,HDN,41.7
AA,CWA,
AA,MOT,
AA,IDA,
AA,FAR,-14.75
AA,GFK,
AA,JAC,41.61437908496732
AA,LAW,
AA,SUN,
AA,IMT,
AA,LCH,
AA,CLL,
AA,PHF,
AA,TRI,
AA,BET,
AA,PBG,
AA,BQN,
AA,BRD,
AA,DAB,68.65714285714286
AA,DRO,12.0
AA,STS,
AA,ROA,
AA,DDC,
AA,INL,
AA,ORH,
AA,TXK,
AA,BFF,
AA,DHN,
AA,SCK,
AA,LRD,
AA,BTM,
AA,IPT,
AA,PIB,
AA,HYA,
AA,PVU,
AA,LBL,
AA,AZO,
AA,ACK,
AA,YUM,
AA,DRT,
AA,COD,
AA,LNK,
AA,SHD,
AA,CIU,
AA,HLN,
AA,LWB,
AA,MEI,
AA,SAF,
AA,CYS,
AA,ABR,
AA,LCK,
AA,RKS,
AA,GCK,
AA,LWS,
AA,EAR,
AA,GTR,
AA,CSG,
AA,RFD,
AA,BLV,
AA,TYR,
AA,CMX,
AA,PAH,
AA,JST,
AA,TOL,
AA,PSG,
AA,MHK,
AA,YKM,
AA,EAT,
AA,SPI,
AA,BQK,
AA,TWF,
AA,PUB,
AA,DEC,
AA,ACT,
AA,HHH,
AA,PLN,
AA,HIB,
AA,GUC,15.6
AA,ITH,
AA,OME,
AA,MBS,
AA,BFM,
AA,ADQ,
AA,LYH,
AA,RHI,
AA,ALW,
AA,DLG,
AA,ALS,
AA,MMH,
AA,XWA,
AA,SPN,
AA,MVY,
AA,ERI,
AA,PGV,
AA,HGR,
AA,ATY,
AA,SMX,
AA,HVN,
AA,CGI,
AA,BKG,
AA,DIK,
AA,AKN,
AA,RIW,
AA,FLO,
AA,GUM,
AA,EAU,
AA,TBN,
AA,HTS,
AA,PSM,
AA,EKO,
AA,PUW,
AA,FOD,
AA,CDB,
AA,WYS,
AA,OTH,
AA,VCT,
AA,PPG,
AA,OGS,
AA,ISN,
AA,ART,
AA,ILG,
AA,OWB,
AA,OGD,
AA,STC,
AA,GST,
AA,UIN,
AA,ADK,
YX,FLL,-7.428571428571429
YX,MSP,5.84841628959276
YX,DEN,7.5777777777777775
YX,MCO,-1.8421052631578947
YX,DAL,
YX,DCA,0.5745472587447283
YX,HSV,-0.21621621621621623
YX,IAH,2.4087947882736156
YX,SEA,
YX,ATL,1.9477682811016144
YX,RDU,3.1096153846153847
YX,MDW,-2.5384615384615383
YX,BDL,-3.497757847533632
YX,BWI,5.3861386138613865
YX,STT,
YX,SRQ,2.3354430379746836
YX,JFK,2.2044164037854888
YX,GRR,-2.891304347826087
YX,DFW,7.379032258064516
YX,CLT,-1.2366325369738338
YX,ORD,1.1589147286821706
YX,LAS,
YX,TUL,-6.666666666666667
YX,USA,
YX,SLC,-0.8157894736842105
YX,BNA,0.6033857315598549
YX,AUS,-1.5076923076923077
YX,IND,-2.182934315531001
YX,MHT,-0.08849557522123894
YX,SFO,
YX,PRC,
YX,BOS,0.803030303030303
YX,LAX,
YX,SMF,14.0
YX,DTW,0.99122106943336
YX,SAT,-3.761904761904762
YX,MSY,-1.7492957746478872
YX,CMH,-3.2468768590124926
YX,STL,-4.251833740831296
YX,SJU,
YX,PHX,
YX,TPA,10.114285714285714
YX,LGA,-1.4048780487804877
YX,PHL,-4.130004710315591
YX,GRK,-7.666666666666667
YX,ILM,3.5821917808219177
YX,JLN,
YX,MKE,8.639097744360901
YX,BIL,90.0
YX,BLI,
YX,CHS,-1.36281179138322
YX,RIC,-3.115702479338843
YX,GSO,9.052083333333334
YX,MCI,0.01926444833625219
YX,EWR,3.9
YX,ELP,4.482758620689655
YX,SDF,0.3175182481751825
YX,HPN,-6.666666666666667
YX,SAN,
YX,BHM,7.415094339622642
YX,SJC,
YX,ASE,
YX,HNL,
YX,MAF,-6.069767441860465
YX,BUF,-0.5188679245283019
YX,TUS,8.722222222222221
YX,SYR,0.06735751295336788
YX,MSN,-5.410526315789474
YX,FAT,
YX,FWA,
YX,LAN,55.666666666666664
YX,ABI,
YX,ICT,-0.8378378378378378
YX,CMI,
YX,OAK,
YX,IAD,2.3296019900497513
YX,EUG,
YX,MIA,-2.024608501118568
YX,CHA,-1.75
YX,BTV,1.1435643564356435
YX,RSW,2.109090909090909
YX,PDX,
YX,SNA,
YX,PIT,-1.9664383561643837
YX,OGG,
YX,HRL,-7.5
YX,BIS,
YX,SHR,
YX,BOI,
YX,RNO,
YX,GSP,-3.5384615384615383
YX,MLB,-20.0
YX,GRB,-0.5882352941176471
YX,CRW,
YX,LGB,
YX,OKC,0.6589147286821705
YX,PVD,-1.9479166666666667
YX,YAK,
YX,CID,-4.1875
YX,FSD,73.33333333333333
YX,HYS,
YX,VPS,17.24137931034483
YX,ROC,6.081632653061225
YX,SAV,6.348936170212766
YX,CLE,-2.1697792869269947
YX,RDD,
YX,ANC,
YX,DVL,
YX,SWO,
YX,BUR,
YX,PIR,
YX,HOU,-10.0
YX,PBI,17.208791208791208
YX,MLI,-0.7272727272727273
YX,AZA,
YX,MKG,
YX,PNS,1.475
YX,MYR,1.650943396226415
YX,GTF,
YX,LSE,
YX,RDM,
YX,ORF,6.740359897172237
YX,KOA,
YX,MQT,
YX,COS,3.0
YX,CVG,7.441463414634146
YX,MOB,
YX,AVL,1.5679012345679013
YX,BTR,-3.0
YX,JNU,
YX,CDC,
YX,SPS,
YX,ECP,30.6
YX,JAX,0.37608318890814557
YX,SBN,-6.5
YX,RAP,-5.827586206896552
YX,AMA,
YX,JMS,
YX,SFB,
YX,ABQ,-7.857142857142857
YX,ALB,-1.2135922330097086
YX,BGM,
YX,MGM,
YX,MEM,0.15406162464985995
YX,ONT,
YX,TVC,10.457627118644067
YX,GEG,-5.0
YX,OMA,1.3573667711598747
YX,ISP,
YX,DLH,5.0625
YX,PIE,
YX,PSP,
YX,ACY,
YX,BJI,
YX,LBB,
YX,SHV,
YX,TTN,
YX,PIA,-5.333333333333333
YX,GNV,
YX,PWM,-0.8347578347578347
YX,BZN,-6.625
YX,BRW,
YX,MFR,
YX,GPT,
YX,ATW,-18.5625
YX,DSM,-0.07586206896551724
YX,CKB,
YX,SGU,
YX,SBA,
YX,OTZ,
YX,BGR,6.16
YX,XNA,1.0588235294117647
YX,CAE,-2.78125
YX,SGF,
YX,PGD,
YX,VLD,
YX,CPR,
YX,LIH,
YX,JAN,7.0
YX,OAJ,
YX,ABE,
YX,EGE,
YX,CRP,-6.909090909090909
YX,FNT,
YX,WRG,
YX,FCA,-12.5
YX,CHO,17.456521739130434
YX,MRY,
YX,SCE,22.0
YX,AEX,
YX,MCW,
YX,RST,-6.333333333333333
YX,SIT,
YX,BMI,
YX,ACV,
YX,GCC,
YX,LFT,4.894736842105263
YX,ITO,
YX,ABY,
YX,GRI,
YX,BPT,
YX,APN,
YX,TLH,-1.5862068965517242
YX,FSM,
YX,ALO,
YX,FAY,
YX,GJT,13.4
YX,IAG,
YX,FLG,
YX,LBE,
YX,CAK,-19.0
YX,BFL,
YX,VEL,
YX,STX,
YX,TYS,-1.5535714285714286
YX,EYW,8.882105263157895
YX,AVP,-14.125
YX,KTN,
YX,EVV,
YX,BRO,9.4
YX,SWF,
YX,LIT,7.56
YX,GGG,
YX,MSO,
YX,PSC,
YX,SLN,
YX,SBP,
YX,BIH,
YX,MLU,
YX,HOB,
YX,DAY,-0.2727272727272727
YX,DBQ,
YX,ROW,
YX,LEX,-1.8359375
YX,PIH,
YX,EWN,
YX,ESC,
YX,SUX,
YX,PAE,
YX,CNY,
YX,CDV,
YX,COU,
YX,LBF,
YX,MFE,
YX,PSE,
YX,LAR,
YX,FAI,
YX,SCC,
YX,MTJ,-15.666666666666666
YX,SJT,
YX,AGS,-12.0
YX,MDT,6.2368421052631575
YX,ELM,
YX,HDN,7.0
YX,CWA,
YX,MOT,
YX,IDA,
YX,FAR,23.0
YX,GFK,
YX,JAC,
YX,LAW,
YX,SUN,
YX,IMT,
YX,LCH,
YX,CLL,
YX,PHF,
YX,TRI,
YX,BET,
YX,PBG,
YX,BQN,
YX,BRD,
YX,DAB,12.25
YX,DRO,27.55
YX,STS,
YX,ROA,18.36111111111111
YX,DDC,
YX,INL,
YX,ORH,-7.269230769230769
YX,TXK,
YX,BFF,
YX,DHN,
YX,SCK,
YX,LRD,
YX,BTM,
YX,IPT,
YX,PIB,
YX,HYA,
YX,PVU,
YX,LBL,
YX,AZO,
YX,ACK,-2.9347826086956523
YX,YUM,
YX,DRT,
YX,COD,
YX,LNK,-13.333333333333334
YX,SHD,
YX,CIU,
YX,HLN,
YX,LWB,
YX,MEI,
YX,SAF,
YX,CYS,
YX,ABR,
YX,LCK,
YX,RKS,
YX,GCK,
YX,LWS,
YX,EAR,
YX,GTR,
YX,CSG,
YX,RFD,
YX,BLV,
YX,TYR,
YX,CMX,
YX,PAH,
YX,JST,
YX,TOL,
YX,PSG,
YX,MHK,
YX,YKM,
YX,EAT,
YX,SPI,
YX,BQK,
YX,TWF,
YX,PUB,
YX,DEC,
YX,ACT,
YX,HHH,3.8953846153846152
YX,PLN,
YX,HIB,
YX,GUC,
YX,ITH,-8.5
YX,OME,
YX,MBS,
YX,BFM,
YX,ADQ,
YX,LYH,
YX,RHI,
YX,ALW,
YX,DLG,
YX,ALS,
YX,MMH,
YX,XWA,
YX,SPN,
YX,MVY,4.270833333333333
YX,ERI,
YX,PGV,
YX,HGR,
YX,ATY,
YX,SMX,
YX,HVN,-7.4375
YX,CGI,
YX,BKG,
YX,DIK,
YX,AKN,
YX,RIW,
YX,FLO,
YX,GUM,
YX,EAU,
YX,TBN,
YX,HTS,
YX,PSM,
YX,EKO,
YX,PUW,
YX,FOD,
YX,CDB,
YX,WYS,
YX,OTH,
YX,VCT,
YX,PPG,
YX,OGS,
YX,ISN,
YX,ART,
YX,ILG,
YX,OWB,
YX,OGD,
YX,STC,
YX,GST,
YX,UIN,
YX,ADK,
AS,FLL,7.545454545454546
AS,MSP,-3.0442477876106193
AS,DEN,6.618055555555555
AS,MCO,1.228956228956229
AS,DAL,-1.40625
AS,DCA,-0.02112676056338028
AS,HSV,
AS,IAH,5.737373737373737
AS,SEA,1.8998069498069499
AS,ATL,0.671875
AS,RDU,-1.7761194029850746
AS,MDW,
AS,BDL,
AS,BWI,4.584070796460177
AS,STT,
AS,SRQ,
AS,JFK,-4.726591760299626
AS,GRR,
AS,DFW,0.05204460966542751
AS,CLT,
AS,ORD,-0.03368421052631579
AS,LAS,4.953681710213777
AS,TUL,
AS,USA,
AS,SLC,1.7058823529411764
AS,BNA,10.9765625
AS,AUS,-1.0694006309148265
AS,IND,4.053571428571429
AS,MHT,
AS,SFO,2.5681030212976723
AS,PRC,
AS,BOS,0.5709677419354838
AS,LAX,1.4787946428571428
AS,SMF,-1.768627450980392
AS,DTW,-0.375
AS,SAT,-1.3623188405797102
AS,MSY,-3.834862385321101
AS,CMH,4.133333333333334
AS,STL,-6.744186046511628
AS,SJU,
AS,PHX,-0.5516129032258065
AS,TPA,-4.8359375
AS,LGA,
AS,PHL,-3.7247706422018347
AS,GRK,
AS,ILM,
AS,JLN,
AS,MKE,-1.0212765957446808
AS,BIL,
AS,BLI,3.6666666666666665
AS,CHS,-1.5897435897435896
AS,RIC,
AS,GSO,
AS,MCI,-3.1121495327102804
AS,EWR,3.5865168539325842
AS,ELP,-9.38888888888889
AS,SDF,
AS,HPN,
AS,SAN,1.1352657004830917
AS,BHM,
AS,SJC,-1.2105263157894737
AS,ASE,
AS,HNL,5.5426829268292686
AS,MAF,
AS,BUF,
AS,TUS,2.318840579710145
AS,SYR,
AS,MSN,
AS,FAT,0.8571428571428571
AS,FWA,
AS,LAN,
AS,ABI,
AS,ICT,
AS,CMI,
AS,OAK,-2.9005847953216373
AS,IAD,1.893939393939394
AS,EUG,7.0
AS,MIA,12.578947368421053
AS,CHA,
AS,BTV,
AS,RSW,9.555555555555555
AS,PDX,-0.13491726771319473
AS,SNA,-1.0665280665280665
AS,PIT,-8.243243243243244
AS,OGG,2.0308370044052864
AS,HRL,
AS,BIS,
AS,SHR,
AS,BOI,4.007692307692308
AS,RNO,-2.2586206896551726
AS,GSP,
AS,MLB,
AS,GRB,
AS,CRW,
AS,LGB,
AS,OKC,-5.888888888888889
AS,PVD,
AS,YAK,5.217821782178218
AS,CID,
AS,FSD,
AS,HYS,
AS,VPS,
AS,ROC,
AS,SAV,
AS,CLE,-4.578947368421052
AS,RDD,
AS,ANC,-2.2059925093632957
AS,DVL,
AS,SWO,
AS,BUR,2.331983805668016
AS,PIR,
AS,HOU,
AS,PBI,
AS,MLI,
AS,AZA,
AS,MKG,
AS,PNS,
AS,MYR,
AS,GTF,
AS,LSE,
AS,RDM,-6.636363636363637
AS,ORF,
AS,KOA,0.17905405405405406
AS,MQT,
AS,COS,
AS,CVG,-2.7666666666666666
AS,MOB,
AS,AVL,
AS,BTR,
AS,JNU,-2.885925925925926
AS,CDC,
AS,SPS,
AS,ECP,
AS,JAX,
AS,SBN,
AS,RAP,
AS,AMA,
AS,JMS,
AS,SFB,
AS,ABQ,1.7536231884057971
AS,ALB,
AS,BGM,
AS,MGM,
AS,MEM,
AS,ONT,-2.4827586206896552
AS,TVC,
AS,GEG,3.6028880866425994
AS,OMA,4.419354838709677
AS,ISP,
AS,DLH,
AS,PIE,
AS,PSP,-2.076595744680851
AS,ACY,
AS,BJI,
AS,LBB,
AS,SHV,
AS,TTN,
AS,PIA,
AS,GNV,
AS,PWM,
AS,BZN,5.2407407407407405
AS,BRW,-0.2638888888888889
AS,MFR,
AS,GPT,
AS,ATW,
AS,DSM,
AS,CKB,
AS,SGU,
AS,SBA,4.928571428571429
AS,OTZ,-6.042105263157895
AS,BGR,
AS,XNA,
AS,CAE,
AS,SGF,
AS,PGD,
AS,VLD,
AS,CPR,
AS,LIH,6.565
AS,JAN,
AS,OAJ,
AS,ABE,
AS,EGE,
AS,CRP,
AS,FNT,
AS,WRG,-0.7089552238805971
AS,FCA,
AS,CHO,
AS,MRY,
AS,SCE,
AS,AEX,
AS,MCW,
AS,RST,
AS,SIT,3.1508379888268156
AS,BMI,
AS,ACV,
AS,GCC,
AS,LFT,
AS,ITO,
AS,ABY,
AS,GRI,
AS,BPT,
AS,APN,
AS,TLH,
AS,FSM,
AS,ALO,
AS,FAY,
AS,GJT,
AS,IAG,
AS,FLG,
AS,LBE,
AS,CAK,
AS,BFL,
AS,VEL,
AS,STX,
AS,TYS,
AS,EYW,
AS,AVP,
AS,KTN,2.9261363636363638
AS,EVV,
AS,BRO,
AS,SWF,
AS,LIT,
AS,GGG,
AS,MSO,
AS,PSC,-2.4166666666666665
AS,SLN,
AS,SBP,
AS,BIH,
AS,MLU,
AS,HOB,
AS,DAY,
AS,DBQ,
AS,ROW,
AS,LEX,
AS,PIH,
AS,EWN,
AS,ESC,
AS,SUX,
AS,PAE,-1.3461538461538463
AS,CNY,
AS,CDV,-3.973684210526316
AS,COU,
AS,LBF,
AS,MFE,
AS,PSE,
AS,LAR,
AS,FAI,-3.4714285714285715
AS,SCC,-4.446808510638298
AS,MTJ,
AS,SJT,
AS,AGS,
AS,MDT,
AS,ELM,
AS,HDN,
AS,CWA,
AS,MOT,
AS,IDA,
AS,FAR,
AS,GFK,
AS,JAC,32.666666666666664
AS,LAW,
AS,SUN,
AS,IMT,
AS,LCH,
AS,CLL,
AS,PHF,
AS,TRI,
AS,BET,10.701923076923077
AS,PBG,
AS,BQN,
AS,BRD,
AS,DAB,
AS,DRO,
AS,STS,7.266666666666667
AS,ROA,
AS,DDC,
AS,INL,
AS,ORH,
AS,TXK,
AS,BFF,
AS,DHN,
AS,SCK,
AS,LRD,
AS,BTM,
AS,IPT,
AS,PIB,
AS,HYA,
AS,PVU,
AS,LBL,
AS,AZO,
AS,ACK,
AS,YUM,
AS,DRT,
AS,COD,
AS,LNK,
AS,SHD,
AS,CIU,
AS,HLN,
AS,LWB,
AS,MEI,
AS,SAF,
AS,CYS,
AS,ABR,
AS,LCK,
AS,RKS,
AS,GCK,
AS,LWS,
AS,EAR,
AS,GTR,
AS,CSG,
AS,RFD,
AS,BLV,
AS,TYR,
AS,CMX,
AS,PAH,
AS,JST,
AS,TOL,
AS,PSG,6.413223140495868
AS,MHK,
AS,YKM,
AS,EAT,
AS,SPI,
AS,BQK,
AS,TWF,
AS,PUB,
AS,DEC,
AS,ACT,
AS,HHH,
AS,PLN,
AS,HIB,
AS,GUC,
AS,ITH,
AS,OME,-4.208791208791209
AS,MBS,
AS,BFM,
AS,ADQ,0.672566371681416
AS,LYH,
AS,RHI,
AS,ALW,
AS,DLG,-3.0344827586206895
AS,ALS,
AS,MMH,
AS,XWA,
AS,SPN,
AS,MVY,
AS,ERI,
AS,PGV,
AS,HGR,
AS,ATY,
AS,SMX,
AS,HVN,
AS,CGI,
AS,BKG,
AS,DIK,
AS,AKN,6.116279069767442
AS,RIW,
AS,FLO,
AS,GUM,
AS,EAU,
AS,TBN,
AS,HTS,
AS,PSM,
AS,EKO,
AS,PUW,
AS,FOD,
AS,CDB,13.833333333333334
AS,WYS,
AS,OTH,
AS,VCT,
AS,PPG,
AS,OGS,
AS,ISN,
AS,ART,
AS,ILG,
AS,OWB,
AS,OGD,
AS,STC,
AS,GST,-6.333333333333333
AS,UIN,
AS,ADK,16.166666666666668
B6,FLL,15.52139037433155
B6,MSP,11.153846153846153
B6,DEN,31.579908675799086
B6,MCO,18.992313915857604
B6,DAL,
B6,DCA,9.977346278317151
B6,HSV,
B6,IAH,15.905882352941177
B6,SEA,11.052380952380952
B6,ATL,19.388235294117646
B6,RDU,14.569138276553106
B6,MDW,
B6,BDL,11.580582524271845
B6,BWI,1.6822429906542056
B6,STT,12.242424242424242
B6,SRQ,31.635514018691588
B6,JFK,10.030160857908847
B6,GRR,
B6,DFW,15.324786324786325
B6,CLT,7.492063492063492
B6,ORD,12.396475770925111
B6,LAS,22.984375
B6,TUL,
B6,USA,
B6,SLC,26.578125
B6,BNA,21.085603112840467
B6,AUS,5.8687258687258685
B6,IND,
B6,MHT,
B6,SFO,1.3841961852861036
B6,PRC,
B6,BOS,6.629810034096444
B6,LAX,4.419331911869225
B6,SMF,7.833333333333333
B6,DTW,19.34502923976608
B6,SAT,22.108695652173914
B6,MSY,16.879310344827587
B6,CMH,
B6,STL,
B6,SJU,17.53061224489796
B6,PHX,24.5625
B6,TPA,18.3355091383812
B6,LGA,13.628858024691358
B6,PHL,5.086956521739131
B6,GRK,
B6,ILM,
B6,JLN,
B6,MKE,4.083333333333333
B6,BIL,
B6,BLI,
B6,CHS,11.786786786786786
B6,RIC,9.417857142857143
B6,GSO,
B6,MCI,27.956521739130434
B6,EWR,14.244077530509692
B6,ELP,
B6,SDF,
B6,HPN,5.71
B6,SAN,5.8007518796992485
B6,BHM,
B6,SJC,7.964285714285714
B6,ASE,
B6,HNL,
B6,MAF,
B6,BUF,9.669833729216151
B6,TUS,
B6,SYR,0.6133333333333333
B6,MSN,
B6,FAT,
B6,FWA,
B6,LAN,
B6,ABI,
B6,ICT,
B6,CMI,
B6,OAK,19.810344827586206
B6,IAD,-2.0
B6,EUG,
B6,MIA,32.28333333333333
B6,CHA,
B6,BTV,2.297029702970297
B6,RSW,11.58114374034003
B6,PDX,15.79746835443038
B6,SNA,
B6,PIT,12.790419161676647
B6,OGG,
B6,HRL,
B6,BIS,
B6,SHR,
B6,BOI,
B6,RNO,6.973333333333334
B6,GSP,
B6,MLB,
B6,GRB,
B6,CRW,
B6,LGB,3.591780821917808
B6,OKC,
B6,PVD,15.651898734177216
B6,YAK,
B6,CID,
B6,FSD,
B6,HYS,
B6,VPS,
B6,ROC,12.92638036809816
B6,SAV,7.004484304932736
B6,CLE,6.025316455696203
B6,RDD,
B6,ANC,-9.8
B6,DVL,
B6,SWO,
B6,BUR,6.916666666666667
B6,PIR,
B6,HOU,46.61904761904762
B6,PBI,12.492639842983317
B6,MLI,
B6,AZA,
B6,MKG,
B6,PNS,
B6,MYR,
B6,GTF,
B6,LSE,
B6,RDM,
B6,ORF,
B6,KOA,
B6,MQT,
B6,COS,
B6,CVG,
B6,MOB,
B6,AVL,22.714285714285715
B6,BTR,
B6,JNU,
B6,CDC,
B6,SPS,
B6,ECP,
B6,JAX,14.751152073732719
B6,SBN,
B6,RAP,
B6,AMA,
B6,JMS,
B6,SFB,
B6,ABQ,35.0
B6,ALB,11.602739726027398
B6,BGM,
B6,MGM,
B6,MEM,
B6,ONT,47.92857142857143
B6,TVC,
B6,GEG,
B6,OMA,
B6,ISP,
B6,DLH,
B6,PIE,
B6,PSP,34.76923076923077
B6,ACY,
B6,BJI,
B6,LBB,
B6,SHV,
B6,TTN,
B6,PIA,
B6,GNV,
B6,PWM,17.29824561403509
B6,BZN,0.20689655172413793
B6,BRW,
B6,MFR,
B6,GPT,
B6,ATW,
B6,DSM,
B6,CKB,
B6,SGU,
B6,SBA,
B6,OTZ,
B6,BGR,
B6,XNA,
B6,CAE,
B6,SGF,
B6,PGD,
B6,VLD,
B6,CPR,
B6,LIH,
B6,JAN,
B6,OAJ,
B6,ABE,
B6,EGE,
B6,CRP,
B6,FNT,
B6,WRG,
B6,FCA,2.0
B6,CHO,
B6,MRY,
B6,SCE,
B6,AEX,
B6,MCW,
B6,RST,
B6,SIT,
B6,BMI,
B6,ACV,
B6,GCC,
B6,LFT,
B6,ITO,
B6,ABY,
B6,GRI,
B6,BPT,
B6,APN,
B6,TLH,
B6,FSM,
B6,ALO,
B6,FAY,
B6,GJT,
B6,IAG,
B6,FLG,
B6,LBE,
B6,CAK,
B6,BFL,
B6,VEL,
B6,STX,
B6,TYS,
B6,EYW,14.147058823529411
B6,AVP,
B6,KTN,
B6,EVV,
B6,BRO,
B6,SWF,60.88
B6,LIT,
B6,GGG,
B6,MSO,
B6,PSC,
B6,SLN,
B6,SBP,
B6,BIH,
B6,MLU,
B6,HOB,
B6,DAY,
B6,DBQ,
B6,ROW,
B6,LEX,
B6,PIH,
B6,EWN,
B6,ESC,
B6,SUX,
B6,PAE,
B6,CNY,
B6,CDV,
B6,COU,
B6,LBF,
B6,MFE,
B6,PSE,4.337349397590361
B6,LAR,
B6,FAI,
B6,SCC,
B6,MTJ,
B6,SJT,
B6,AGS,
B6,MDT,
B6,ELM,
B6,HDN,47.36363636363637
B6,CWA,
B6,MOT,
B6,IDA,
B6,FAR,
B6,GFK,
B6,JAC,
B6,LAW,
B6,SUN,
B6,IMT,
B6,LCH,
B6,CLL,
B6,PHF,
B6,TRI,
B6,BET,
B6,PBG,
B6,BQN,27.357142857142858
B6,BRD,
B6,DAB,
B6,DRO,
B6,STS,
B6,ROA,
B6,DDC,
B6,INL,
B6,ORH,13.945736434108527
B6,TXK,
B6,BFF,
B6,DHN,
B6,SCK,
B6,LRD,
B6,BTM,
B6,IPT,
B6,PIB,
B6,HYA,12.368421052631579
B6,PVU,
B6,LBL,
B6,AZO,
B6,ACK,15.203007518796992
B6,YUM,
B6,DRT,
B6,COD,
B6,LNK,
B6,SHD,
B6,CIU,
B6,HLN,
B6,LWB,
B6,MEI,
B6,SAF,
B6,CYS,
B6,ABR,
B6,LCK,
B6,RKS,
B6,GCK,
B6,LWS,
B6,EAR,
B6,GTR,
B6,CSG,
B6,RFD,
B6,BLV,
B6,TYR,
B6,CMX,
B6,PAH,
B6,JST,
B6,TOL,
B6,PSG,
B6,MHK,
B6,YKM,
B6,EAT,
B6,SPI,
B6,BQK,
B6,TWF,
B6,PUB,
B6,DEC,
B6,ACT,
B6,HHH,
B6,PLN,
B6,HIB,
B6,GUC,
B6,ITH,
B6,OME,
B6,MBS,
B6,BFM,
B6,ADQ,
B6,LYH,
B6,RHI,
B6,ALW,
B6,DLG,
B6,ALS,
B6,MMH,
B6,XWA,
B6,SPN,
B6,MVY,46.640625
B6,ERI,
B6,PGV,
B6,HGR,
B6,ATY,
B6,SMX,
B6,HVN,
B6,CGI,
B6,BKG,
B6,DIK,
B6,AKN,
B6,RIW,
B6,FLO,
B6,GUM,
B6,EAU,
B6,TBN,
B6,HTS,
B6,PSM,
B6,EKO,
B6,PUW,
B6,FOD,
B6,CDB,
B6,WYS,
B6,OTH,
B6,VCT,
B6,PPG,
B6,OGS,
B6,ISN,
B6,ART,
B6,ILG,
B6,OWB,
B6,OGD,
B6,STC,
B6,GST,
B6,UIN,
B6,ADK,
OH,FLL,
OH,MSP,25.704545454545453
OH,DEN,
OH,MCO,
OH,DAL,
OH,DCA,7.969536757301108
OH,HSV,4.718446601941747
OH,IAH,12.2
OH,SEA,
OH,ATL,0.5783783783783784
OH,RDU,12.6875
OH,MDW,
OH,BDL,10.643518518518519
OH,BWI,-15.5
OH,STT,
OH,SRQ,10.429824561403509
OH,JFK,-2.0
OH,GRR,5.184210526315789
OH,DFW,15.672727272727272
OH,CLT,2.9701570226424914
OH,ORD,1.0
OH,LAS,
OH,TUL,16.633802816901408
OH,USA,
OH,SLC,
OH,BNA,13.393129770992367
OH,AUS,
OH,IND,6.806451612903226
OH,MHT,7.3604651162790695
OH,SFO,
OH,PRC,
OH,BOS,-30.5
OH,LAX,
OH,SMF,
OH,DTW,-1.0669856459330143
OH,SAT,5.333333333333333
OH,MSY,8.606060606060606
OH,CMH,0.9333333333333333
OH,STL,7.753191489361702
OH,SJU,
OH,PHX,
OH,TPA,
OH,LGA,29.782608695652176
OH,PHL,5.814014984574703
OH,GRK,
OH,ILM,-0.9300911854103343
OH,JLN,
OH,MKE,-2.9714285714285715
OH,BIL,
OH,BLI,
OH,CHS,1.1349862258953167
OH,RIC,-0.042735042735042736
OH,GSO,1.3553459119496856
OH,MCI,2.2
OH,EWR,
OH,ELP,
OH,SDF,3.4489795918367347
OH,HPN,7.030211480362538
OH,SAN,
OH,BHM,6.6
OH,SJC,
OH,ASE,
OH,HNL,
OH,MAF,
OH,BUF,4.0
OH,TUS,
OH,SYR,-3.673758865248227
OH,MSN,0.14965986394557823
OH,FAT,
OH,FWA,-6.672131147540983
OH,LAN,2.4390243902439024
OH,ABI,
OH,ICT,
OH,CMI,
OH,OAK,
OH,IAD,1.7567567567567568
OH,EUG,
OH,MIA,
OH,CHA,3.7711864406779663
OH,BTV,-1.2391304347826086
OH,RSW,-8.333333333333334
OH,PDX,
OH,SNA,
OH,PIT,4.306878306878307
OH,OGG,
OH,HRL,
OH,BIS,
OH,SHR,
OH,BOI,
OH,RNO,
OH,GSP,0.9545454545454546
OH,MLB,-1.7402597402597402
OH,GRB,
OH,CRW,6.829268292682927
OH,LGB,
OH,OKC,12.452631578947368
OH,PVD,2.441077441077441
OH,YAK,
OH,CID,0.41
OH,FSD,-6.375
OH,HYS,
OH,VPS,0.45614035087719296
OH,ROC,10.33160621761658
OH,SAV,-1.3479166666666667
OH,CLE,7.821138211382114
OH,RDD,
OH,ANC,
OH,DVL,
OH,SWO,
OH,BUR,
OH,PIR,
OH,HOU,
OH,PBI,1.0
OH,MLI,
OH,AZA,
OH,MKG,
OH,PNS,9.389189189189189
OH,MYR,2.662379421221865
OH,GTF,
OH,LSE,
OH,RDM,
OH,ORF,7.952941176470588
OH,KOA,
OH,MQT,
OH,COS,
OH,CVG,5.571161048689139
OH,MOB,7.363636363636363
OH,AVL,-0.5507246376811594
OH,BTR,4.185714285714286
OH,JNU,
OH,CDC,
OH,SPS,
OH,ECP,-3.5107913669064748
OH,JAX,5.351778656126482
OH,SBN,0.07207207207207207
OH,RAP,21.133333333333333
OH,AMA,
OH,JMS,
OH,SFB,
OH,ABQ,
OH,ALB,6.569444444444445
OH,BGM,
OH,MGM,5.555555555555555
OH,MEM,4.100719424460432
OH,ONT,
OH,TVC,24.333333333333332
OH,GEG,
OH,OMA,1.1948051948051948
OH,ISP,
OH,DLH,
OH,PIE,
OH,PSP,
OH,ACY,
OH,BJI,
OH,LBB,
OH,SHV,-2.6350364963503647
OH,TTN,
OH,PIA,14.59047619047619
OH,GNV,2.7637362637362637
OH,PWM,8.5
OH,BZN,
OH,BRW,
OH,MFR,
OH,GPT,4.980263157894737
OH,ATW,-22.6
OH,DSM,-3.8660714285714284
OH,CKB,
OH,SGU,
OH,SBA,
OH,OTZ,
OH,BGR,7.822966507177034
OH,XNA,-2.757575757575758
OH,CAE,-1.0483383685800605
OH,SGF,-0.14285714285714285
OH,PGD,
OH,VLD,
OH,CPR,
OH,LIH,
OH,JAN,3.3411214953271027
OH,OAJ,-5.0588235294117645
OH,ABE,-13.471698113207546
OH,EGE,
OH,CRP,
OH,FNT,9.476190476190476
OH,WRG,
OH,FCA,
OH,CHO,-1.263157894736842
OH,MRY,
OH,SCE,
OH,AEX,-15.875
OH,MCW,
OH,RST,
OH,SIT,
OH,BMI,
OH,ACV,
OH,GCC,
OH,LFT,1.1777777777777778
OH,ITO,
OH,ABY,
OH,GRI,
OH,BPT,
OH,APN,
OH,TLH,8.709090909090909
OH,FSM,
OH,ALO,
OH,FAY,0.07981220657276995
OH,GJT,
OH,IAG,
OH,FLG,
OH,LBE,
OH,CAK,3.2675675675675677
OH,BFL,
OH,VEL,
OH,STX,
OH,TYS,2.2831858407079646
OH,EYW,
OH,AVP,3.3972602739726026
OH,KTN,
OH,EVV,18.0
OH,BRO,
OH,SWF,
OH,LIT,4.767741935483871
OH,GGG,
OH,MSO,
OH,PSC,
OH,SLN,
OH,SBP,
OH,BIH,
OH,MLU,
OH,HOB,
OH,DAY,2.048780487804878
OH,DBQ,
OH,ROW,
OH,LEX,0.7874015748031497
OH,PIH,
OH,EWN,-2.458100558659218
OH,ESC,
OH,SUX,
OH,PAE,
OH,CNY,
OH,CDV,
OH,COU,
OH,LBF,
OH,MFE,
OH,PSE,
OH,LAR,
OH,FAI,
OH,SCC,
OH,MTJ,
OH,SJT,
OH,AGS,11.214689265536723
OH,MDT,-7.3515625
OH,ELM,
OH,HDN,
OH,CWA,
OH,MOT,
OH,IDA,
OH,FAR,
OH,GFK,
OH,JAC,
OH,LAW,
OH,SUN,
OH,IMT,
OH,LCH,
OH,CLL,
OH,PHF,4.574074074074074
OH,TRI,3.4727272727272727
OH,BET,
OH,PBG,
OH,BQN,
OH,BRD,
OH,DAB,6.042253521126761
OH,DRO,
OH,STS,
OH,ROA,1.2
OH,DDC,
OH,INL,
OH,ORH,
OH,TXK,
OH,BFF,
OH,DHN,
OH,SCK,
OH,LRD,
OH,BTM,
OH,IPT,
OH,PIB,
OH,HYA,
OH,PVU,
OH,LBL,
OH,AZO,
OH,ACK,
OH,YUM,
OH,DRT,
OH,COD,
OH,LNK,
OH,SHD,
OH,CIU,
OH,HLN,
OH,LWB,
OH,MEI,
OH,SAF,
OH,CYS,
OH,ABR,
OH,LCK,
OH,RKS,
OH,GCK,
OH,LWS,
OH,EAR,
OH,GTR,
OH,CSG,3.9166666666666665
OH,RFD,
OH,BLV,
OH,TYR,
OH,CMX,
OH,PAH,
OH,JST,
OH,TOL,-3.5277777777777777
OH,PSG,
OH,MHK,
OH,YKM,
OH,EAT,
OH,SPI,
OH,BQK,
OH,TWF,
OH,PUB,
OH,DEC,
OH,ACT,
OH,HHH,
OH,PLN,
OH,HIB,
OH,GUC,
OH,ITH,-20.5
OH,OME,
OH,MBS,
OH,BFM,
OH,ADQ,
OH,LYH,-11.185714285714285
OH,RHI,
OH,ALW,
OH,DLG,
OH,ALS,
OH,MMH,
OH,XWA,
OH,SPN,
OH,MVY,
OH,ERI,-11.705882352941176
OH,PGV,11.25
OH,HGR,
OH,ATY,
OH,SMX,
OH,HVN,-1.0434782608695652
OH,CGI,
OH,BKG,
OH,DIK,
OH,AKN,
OH,RIW,
OH,FLO,-8.5
OH,GUM,
OH,EAU,
OH,TBN,
OH,HTS,-8.333333333333334
OH,PSM,
OH,EKO,
OH,PUW,
OH,FOD,
OH,CDB,
OH,WYS,
OH,OTH,
OH,VCT,
OH,PPG,
OH,OGS,
OH,ISN,
OH,ART,19.0
OH,ILG,
OH,OWB,
OH,OGD,
OH,STC,
OH,GST,
OH,UIN,
OH,ADK,
G4,FLL,24.803131991051455
G4,MSP,5.861111111111111
G4,DEN,7.822222222222222
G4,MCO,
G4,DAL,
G4,DCA,
G4,HSV,
G4,IAH,
G4,SEA,
G4,ATL,
G4,RDU,18.666666666666668
G4,MDW,25.697674418604652
G4,BDL,
G4,BWI,19.5
G4,STT,
G4,SRQ,11.36046511627907
G4,JFK,
G4,GRR,8.306748466257668
G4,DFW,
G4,CLT,
G4,ORD,
G4,LAS,6.657205240174672
G4,TUL,11.287671232876713
G4,USA,13.32967032967033
G4,SLC,
G4,BNA,15.26764705882353
G4,AUS,10.651612903225807
G4,IND,5.682142857142857
G4,MHT,
G4,SFO,
G4,PRC,
G4,BOS,12.019607843137255
G4,LAX,5.506607929515418
G4,SMF,
G4,DTW,
G4,SAT,43.875
G4,MSY,15.279069767441861
G4,CMH,
G4,STL,
G4,SJU,9.0
G4,PHX,15.481481481481481
G4,TPA,
G4,LGA,
G4,PHL,
G4,GRK,
G4,ILM,
G4,JLN,
G4,MKE,1.8
G4,BIL,10.790697674418604
G4,BLI,2.7975460122699385
G4,CHS,16.41176470588235
G4,RIC,17.555555555555557
G4,GSO,13.878787878787879
G4,MCI,20.923076923076923
G4,EWR,4.126436781609195
G4,ELP,16.944444444444443
G4,SDF,14.198473282442748
G4,HPN,
G4,SAN,32.31481481481482
G4,BHM,
G4,SJC,
G4,ASE,
G4,HNL,
G4,MAF,
G4,BUF,
G4,TUS,-6.0
G4,SYR,24.45689655172414
G4,MSN,
G4,FAT,6.428571428571429
G4,FWA,18.927419354838708
G4,LAN,
G4,ABI,
G4,ICT,8.847457627118644
G4,CMI,
G4,OAK,9.656862745098039
G4,IAD,24.0
G4,EUG,11.593406593406593
G4,MIA,
G4,CHA,17.166666666666668
G4,BTV,
G4,RSW,
G4,PDX,20.694444444444443
G4,SNA,36.12820512820513
G4,PIT,8.258373205741627
G4,OGG,
G4,HRL,
G4,BIS,19.779661016949152
G4,SHR,
G4,BOI,27.127659574468087
G4,RNO,11.52
G4,GSP,17.47826086956522
G4,MLB,2.4545454545454546
G4,GRB,
G4,CRW,
G4,LGB,
G4,OKC,12.024390243902438
G4,PVD,15.17142857142857
G4,YAK,
G4,CID,26.20567375886525
G4,FSD,12.092307692307692
G4,HYS,
G4,VPS,16.32520325203252
G4,ROC,12.8125
G4,SAV,11.494186046511627
G4,CLE,8.830508474576272
G4,RDD,
G4,ANC,-3.0
G4,DVL,
G4,SWO,
G4,BUR,
G4,PIR,
G4,HOU,15.929824561403509
G4,PBI,12.64179104477612
G4,MLI,8.169230769230769
G4,AZA,10.252960172228203
G4,MKG,
G4,PNS,
G4,MYR,21.40909090909091
G4,GTF,6.44
G4,LSE,
G4,RDM,5.714285714285714
G4,ORF,24.23076923076923
G4,KOA,
G4,MQT,
G4,COS,
G4,CVG,16.840290381125225
G4,MOB,
G4,AVL,12.11025641025641
G4,BTR,
G4,JNU,
G4,CDC,
G4,SPS,
G4,ECP,
G4,JAX,19.634146341463413
G4,SBN,16.83809523809524
G4,RAP,15.906976744186046
G4,AMA,-5.5
G4,JMS,
G4,SFB,11.98489822718319
G4,ABQ,2.2941176470588234
G4,ALB,24.626666666666665
G4,BGM,
G4,MGM,
G4,MEM,26.929078014184398
G4,ONT,
G4,TVC,14.866666666666667
G4,GEG,29.45
G4,OMA,8.56
G4,ISP,
G4,DLH,
G4,PIE,5.9648979591836735
G4,PSP,3.6333333333333333
G4,ACY,
G4,BJI,
G4,LBB,
G4,SHV,9.846153846153847
G4,TTN,
G4,PIA,23.840764331210192
G4,GNV,
G4,PWM,
G4,BZN,33.85294117647059
G4,BRW,
G4,MFR,19.074074074074073
G4,GPT,4.857142857142857
G4,ATW,11.224137931034482
G4,DSM,17.738317757009344
G4,CKB,18.08695652173913
G4,SGU,-3.0
G4,SBA,
G4,OTZ,
G4,BGR,8.81159420289855
G4,XNA,21.076923076923077
G4,CAE,
G4,SGF,18.29787234042553
G4,PGD,11.33164812942366
G4,VLD,
G4,CPR,
G4,LIH,
G4,JAN,
G4,OAJ,
G4,ABE,12.069148936170214
G4,EGE,
G4,CRP,
G4,FNT,15.215568862275449
G4,WRG,
G4,FCA,23.185185185185187
G4,CHO,
G4,MRY,4.733333333333333
G4,SCE,1.4
G4,AEX,
G4,MCW,
G4,RST,
G4,SIT,
G4,BMI,19.26086956521739
G4,ACV,
G4,GCC,
G4,LFT,
G4,ITO,
G4,ABY,
G4,GRI,18.183673469387756
G4,BPT,
G4,APN,
G4,TLH,
G4,FSM,
G4,ALO,
G4,FAY,
G4,GJT,4.371428571428571
G4,IAG,27.40740740740741
G4,FLG,
G4,LBE,
G4,CAK,13.344827586206897
G4,BFL,
G4,VEL,
G4,STX,
G4,TYS,7.010989010989011
G4,EYW,45.64
G4,AVP,
G4,KTN,
G4,EVV,10.133333333333333
G4,BRO,
G4,SWF,13.506849315068493
G4,LIT,20.636363636363637
G4,GGG,
G4,MSO,18.551020408163264
G4,PSC,39.05
G4,SLN,
G4,SBP,
G4,BIH,
G4,MLU,
G4,HOB,
G4,DAY,17.5625
G4,DBQ,
G4,ROW,
G4,LEX,27.53913043478261
G4,PIH,
G4,EWN,
G4,ESC,
G4,SUX,
G4,PAE,
G4,CNY,
G4,CDV,
G4,COU,
G4,LBF,
G4,MFE,9.061538461538461
G4,PSE,
G4,LAR,
G4,FAI,
G4,SCC,
G4,MTJ,
G4,SJT,
G4,AGS,
G4,MDT,10.239316239316238
G4,ELM,12.325
G4,HDN,
G4,CWA,
G4,MOT,0.6571428571428571
G4,IDA,53.80597014925373
G4,FAR,1.793103448275862
G4,GFK,12.243243243243244
G4,JAC,
G4,LAW,
G4,SUN,
G4,IMT,
G4,LCH,
G4,CLL,
G4,PHF,
G4,TRI,66.32142857142857
G4,BET,
G4,PBG,10.385714285714286
G4,BQN,
G4,BRD,
G4,DAB,
G4,DRO,
G4,STS,
G4,ROA,2.111111111111111
G4,DDC,
G4,INL,
G4,ORH,
G4,TXK,
G4,BFF,
G4,DHN,
G4,SCK,26.25
G4,LRD,13.470588235294118
G4,BTM,
G4,IPT,
G4,PIB,
G4,HYA,
G4,PVU,10.911242603550296
G4,LBL,
G4,AZO,
G4,ACK,
G4,YUM,
G4,DRT,
G4,COD,
G4,LNK,
G4,SHD,
G4,CIU,
G4,HLN,
G4,LWB,
G4,MEI,
G4,SAF,
G4,CYS,
G4,ABR,
G4,LCK,25.22151898734177
G4,RKS,
G4,GCK,
G4,LWS,
G4,EAR,
G4,GTR,
G4,CSG,
G4,RFD,13.820754716981131
G4,BLV,20.044025157232703
G4,TYR,
G4,CMX,
G4,PAH,
G4,JST,
G4,TOL,11.402439024390244
G4,PSG,
G4,MHK,
G4,YKM,
G4,EAT,
G4,SPI,33.8235294117647
G4,BQK,
G4,TWF,
G4,PUB,
G4,DEC,
G4,ACT,
G4,HHH,
G4,PLN,
G4,HIB,
G4,GUC,
G4,ITH,
G4,OME,
G4,MBS,
G4,BFM,
G4,ADQ,
G4,LYH,
G4,RHI,
G4,ALW,
G4,DLG,
G4,ALS,
G4,MMH,
G4,XWA,
G4,SPN,
G4,MVY,
G4,ERI,
G4,PGV,
G4,HGR,12.72
G4,ATY,
G4,SMX,9.0
G4,HVN,
G4,CGI,
G4,BKG,
G4,DIK,
G4,AKN,
G4,RIW,
G4,FLO,
G4,GUM,
G4,EAU,
G4,TBN,
G4,HTS,18.704225352112676
G4,PSM,72.32558139534883
G4,EKO,
G4,PUW,
G4,FOD,
G4,CDB,
G4,WYS,
G4,OTH,
G4,VCT,
G4,PPG,
G4,OGS,32.0
G4,ISN,
G4,ART,
G4,ILG,
G4,OWB,12.733333333333333
G4,OGD,-1.8
G4,STC,12.466666666666667
G4,GST,
G4,UIN,
G4,ADK,
EV,FLL,
EV,MSP,7.083333333333333
EV,DEN,-9.666666666666666
EV,MCO,
EV,DAL,
EV,DCA,10.884615384615385
EV,HSV,16.024390243902438
EV,IAH,3.875995449374289
EV,SEA,
EV,ATL,-5.714285714285714
EV,RDU,-4.444444444444445
EV,MDW,
EV,BDL,-9.0
EV,BWI,
EV,STT,
EV,SRQ,
EV,JFK,
EV,GRR,0.25
EV,DFW,7.333333333333333
EV,CLT,24.91304347826087
EV,ORD,9.105022831050228
EV,LAS,
EV,TUL,27.149253731343283
EV,USA,
EV,SLC,-9.5
EV,BNA,27.037037037037038
EV,AUS,-18.0
EV,IND,31.238095238095237
EV,MHT,22.0
EV,SFO,
EV,PRC,
EV,BOS,21.857142857142858
EV,LAX,
EV,SMF,
EV,DTW,14.75
EV,SAT,2.0
EV,MSY,-29.0
EV,CMH,8.6
EV,STL,10.602272727272727
EV,SJU,
EV,PHX,
EV,TPA,
EV,LGA,-6.088235294117647
EV,PHL,-14.75
EV,GRK,-7.770833333333333
EV,ILM,-9.0
EV,JLN,
EV,MKE,19.58823529411765
EV,BIL,
EV,BLI,
EV,CHS,17.90909090909091
EV,RIC,29.554054054054053
EV,GSO,23.17391304347826
EV,MCI,1.6
EV,EWR,15.54861111111111
EV,ELP,-1.8461538461538463
EV,SDF,6.916666666666667
EV,HPN,
EV,SAN,
EV,BHM,21.452380952380953
EV,SJC,
EV,ASE,
EV,HNL,
EV,MAF,-1.8571428571428572
EV,BUF,5.548387096774194
EV,TUS,21.0
EV,SYR,106.22222222222223
EV,MSN,13.666666666666666
EV,FAT,
EV,FWA,
EV,LAN,24.7
EV,ABI,
EV,ICT,10.902439024390244
EV,CMI,
EV,OAK,
EV,IAD,26.75862068965517
EV,EUG,
EV,MIA,
EV,CHA,16.0
EV,BTV,55.15151515151515
EV,RSW,
EV,PDX,
EV,SNA,
EV,PIT,53.75
EV,OGG,
EV,HRL,1.5789473684210527
EV,BIS,-43.0
EV,SHR,
EV,BOI,
EV,RNO,
EV,GSP,49.93103448275862
EV,MLB,
EV,GRB,27.75
EV,CRW,3.111111111111111
EV,LGB,
EV,OKC,3.04
EV,PVD,6.541666666666667
EV,YAK,
EV,CID,83.75
EV,FSD,-3.5
EV,HYS,
EV,VPS,6.085714285714285
EV,ROC,4.743589743589744
EV,SAV,44.175
EV,CLE,12.616161616161616
EV,RDD,
EV,ANC,
EV,DVL,
EV,SWO,
EV,BUR,
EV,PIR,
EV,HOU,
EV,PBI,
EV,MLI,49.5
EV,AZA,
EV,MKG,
EV,PNS,4.5
EV,MYR,
EV,GTF,
EV,LSE,
EV,RDM,
EV,ORF,11.704545454545455
EV,KOA,
EV,MQT,
EV,COS,163.57142857142858
EV,CVG,26.859375
EV,MOB,19.421875
EV,AVL,-10.0
EV,BTR,-3.173076923076923
EV,JNU,
EV,CDC,
EV,SPS,
EV,ECP,11.972222222222221
EV,JAX,43.78260869565217
EV,SBN,-2.8333333333333335
EV,RAP,
EV,AMA,-1.8636363636363635
EV,JMS,
EV,SFB,
EV,ABQ,17.333333333333332
EV,ALB,23.285714285714285
EV,BGM,
EV,MGM,
EV,MEM,0.07692307692307693
EV,ONT,
EV,TVC,23.5
EV,GEG,
EV,OMA,-7.434782608695652
EV,ISP,
EV,DLH,
EV,PIE,
EV,PSP,-14.0
EV,ACY,
EV,BJI,
EV,LBB,3.3492063492063493
EV,SHV,0.0392156862745098
EV,TTN,
EV,PIA,3.9
EV,GNV,
EV,PWM,-1.0625
EV,BZN,
EV,BRW,
EV,MFR,
EV,GPT,-0.9830508474576272
EV,ATW,
EV,DSM,-21.0
EV,CKB,
EV,SGU,
EV,SBA,
EV,OTZ,
EV,BGR,26.733333333333334
EV,XNA,9.044444444444444
EV,CAE,-5.666666666666667
EV,SGF,6.818181818181818
EV,PGD,
EV,VLD,
EV,CPR,
EV,LIH,
EV,JAN,5.178082191780822
EV,OAJ,
EV,ABE,-17.5
EV,EGE,
EV,CRP,5.907692307692308
EV,FNT,-23.0
EV,WRG,
EV,FCA,
EV,CHO,
EV,MRY,
EV,SCE,-32.0
EV,AEX,4.811320754716981
EV,MCW,
EV,RST,109.23076923076923
EV,SIT,
EV,BMI,
EV,ACV,
EV,GCC,
EV,LFT,-0.06521739130434782
EV,ITO,
EV,ABY,
EV,GRI,
EV,BPT,
EV,APN,
EV,TLH,
EV,FSM,
EV,ALO,
EV,FAY,
EV,GJT,
EV,IAG,
EV,FLG,
EV,LBE,
EV,CAK,67.58064516129032
EV,BFL,
EV,VEL,
EV,STX,
EV,TYS,3.6842105263157894
EV,EYW,-9.0
EV,AVP,
EV,KTN,
EV,EVV,-22.0
EV,BRO,-8.76086956521739
EV,SWF,
EV,LIT,8.2
EV,GGG,
EV,MSO,
EV,PSC,
EV,SLN,
EV,SBP,
EV,BIH,
EV,MLU,-7.185185185185185
EV,HOB,-3.727272727272727
EV,DAY,25.733333333333334
EV,DBQ,
EV,ROW,
EV,LEX,3.3636363636363638
EV,PIH,
EV,EWN,
EV,ESC,
EV,SUX,
EV,PAE,
EV,CNY,
EV,CDV,
EV,COU,-21.0
EV,LBF,
EV,MFE,-3.425
EV,PSE,
EV,LAR,
EV,FAI,
EV,SCC,
EV,MTJ,-20.0
EV,SJT,
EV,AGS,
EV,MDT,
EV,ELM,
EV,HDN,-1.0
EV,CWA,-37.0
EV,MOT,
EV,IDA,
EV,FAR,-9.5
EV,GFK,
EV,JAC,
EV,LAW,
EV,SUN,
EV,IMT,
EV,LCH,2.5714285714285716
EV,CLL,-4.387755102040816
EV,PHF,
EV,TRI,
EV,BET,
EV,PBG,
EV,BQN,
EV,BRD,
EV,DAB,
EV,DRO,
EV,STS,
EV,ROA,45.0
EV,DDC,
EV,INL,
EV,ORH,
EV,TXK,
EV,BFF,
EV,DHN,
EV,SCK,
EV,LRD,0.7413793103448276
EV,BTM,
EV,IPT,
EV,PIB,
EV,HYA,
EV,PVU,
EV,LBL,
EV,AZO,-10.875
EV,ACK,
EV,YUM,
EV,DRT,
EV,COD,
EV,LNK,-18.0
EV,SHD,
EV,CIU,
EV,HLN,
EV,LWB,
EV,MEI,
EV,SAF,
EV,CYS,
EV,ABR,
EV,LCK,
EV,RKS,
EV,GCK,
EV,LWS,
EV,EAR,
EV,GTR,
EV,CSG,
EV,RFD,
EV,BLV,
EV,TYR,
EV,CMX,
EV,PAH,
EV,JST,
EV,TOL,
EV,PSG,
EV,MHK,
EV,YKM,
EV,EAT,
EV,SPI,
EV,BQK,
EV,TWF,
EV,PUB,
EV,DEC,
EV,ACT,
EV,HHH,
EV,PLN,
EV,HIB,
EV,GUC,
EV,ITH,
EV,OME,
EV,MBS,
EV,BFM,
EV,ADQ,
EV,LYH,
EV,RHI,
EV,ALW,
EV,DLG,
EV,ALS,
EV,MMH,
EV,XWA,
EV,SPN,
EV,MVY,
EV,ERI,0.3333333333333333
EV,PGV,
EV,HGR,
EV,ATY,
EV,SMX,
EV,HVN,
EV,CGI,
EV,BKG,
EV,DIK,
EV,AKN,
EV,RIW,
EV,FLO,
EV,GUM,
EV,EAU,
EV,TBN,
EV,HTS,
EV,PSM,
EV,EKO,
EV,PUW,
EV,FOD,
EV,CDB,
EV,WYS,
EV,OTH,
EV,VCT,
EV,PPG,
EV,OGS,
EV,ISN,
EV,ART,
EV,ILG,
EV,OWB,
EV,OGD,
EV,STC,
EV,GST,
EV,UIN,
EV,ADK,
OO,FLL,-9.0
OO,MSP,-0.7154486251808972
OO,DEN,6.241575400168492
OO,MCO,
OO,DAL,0.6011904761904762
OO,DCA,2.4214876033057853
OO,HSV,14.5
OO,IAH,6.873098478783026
OO,SEA,-1.8837131367292226
OO,ATL,5.688640376692172
OO,RDU,-0.8695652173913043
OO,MDW,9.286384976525822
OO,BDL,-2.761467889908257
OO,BWI,24.77358490566038
OO,STT,
OO,SRQ,14.333333333333334
OO,JFK,10.771428571428572
OO,GRR,-0.5492537313432836
OO,DFW,5.377292340884574
OO,CLT,2.7142857142857144
OO,ORD,6.199899547965846
OO,LAS,4.390547263681592
OO,TUL,2.713665943600868
OO,USA,
OO,SLC,-1.3844463971880492
OO,BNA,5.744128553770087
OO,AUS,9.990683229813664
OO,IND,11.477732793522268
OO,MHT,-4.375
OO,SFO,1.8398704569989204
OO,PRC,9.309734513274336
OO,BOS,9.833333333333334
OO,LAX,0.931760312340859
OO,SMF,1.6832358674463939
OO,DTW,4.738062442607897
OO,SAT,0.7346938775510204
OO,MSY,5.222222222222222
OO,CMH,6.794117647058823
OO,STL,5.467706013363029
OO,SJU,
OO,PHX,0.21322436849925705
OO,TPA,
OO,LGA,10.697416974169741
OO,PHL,8.790476190476191
OO,GRK,1.2962962962962963
OO,ILM,-1.44
OO,JLN,-1.6666666666666667
OO,MKE,8.018564356435643
OO,BIL,-3.923076923076923
OO,BLI,-0.5909090909090909
OO,CHS,18.145299145299145
OO,RIC,14.980582524271844
OO,GSO,18.09090909090909
OO,MCI,-1.0716112531969308
OO,EWR,14.617886178861788
OO,ELP,9.061946902654867
OO,SDF,9.01923076923077
OO,HPN,14.106666666666667
OO,SAN,1.0726375176304654
OO,BHM,14.891385767790263
OO,SJC,-2.6787827557058326
OO,ASE,19.310915104740904
OO,HNL,
OO,MAF,10.778443113772456
OO,BUF,1.853658536585366
OO,TUS,-0.4400406504065041
OO,SYR,-2.9423076923076925
OO,MSN,3.7420091324200913
OO,FAT,0.2887323943661972
OO,FWA,9.06713780918728
OO,LAN,0.08421052631578947
OO,ABI,-22.166666666666668
OO,ICT,8.297814207650273
OO,CMI,
OO,OAK,-5.302919708029197
OO,IAD,9.14236706689537
OO,EUG,-3.676056338028169
OO,MIA,
OO,CHA,5.18
OO,BTV,30.46153846153846
OO,RSW,-3.0
OO,PDX,-0.3632538569424965
OO,SNA,-0.36311787072243346
OO,PIT,1.2891156462585034
OO,OGG,
OO,HRL,2.1527777777777777
OO,BIS,6.753456221198157
OO,SHR,-3.324675324675325
OO,BOI,-0.4752411575562701
OO,RNO,4.133848133848134
OO,GSP,1.393162393162393
OO,MLB,
OO,GRB,0.708171206225681
OO,CRW,7.139130434782609
OO,LGB,5.625641025641026
OO,OKC,12.609375
OO,PVD,-4.5
OO,YAK,
OO,CID,4.625
OO,FSD,-0.23785166240409208
OO,HYS,25.955555555555556
OO,VPS,1.5555555555555556
OO,ROC,-1.188976377952756
OO,SAV,0.7961165048543689
OO,CLE,6.154798761609907
OO,RDD,2.6451612903225805
OO,ANC,
OO,DVL,4.049382716049383
OO,SWO,24.91304347826087
OO,BUR,6.174460431654676
OO,PIR,11.678571428571429
OO,HOU,17.181818181818183
OO,PBI,-26.0
OO,MLI,1.558139534883721
OO,AZA,
OO,MKG,2.8645833333333335
OO,PNS,22.113636363636363
OO,MYR,13.666666666666666
OO,GTF,-0.7857142857142857
OO,LSE,-2.3026315789473686
OO,RDM,3.5922619047619047
OO,ORF,-0.1623931623931624
OO,KOA,
OO,MQT,-3.595744680851064
OO,COS,7.925373134328358
OO,CVG,8.217054263565892
OO,MOB,8.342592592592593
OO,AVL,14.308823529411764
OO,BTR,18.16860465116279
OO,JNU,
OO,CDC,0.723404255319149
OO,SPS,13.15
OO,ECP,9.744186046511627
OO,JAX,7.938775510204081
OO,SBN,-2.803921568627451
OO,RAP,4.903797468354431
OO,AMA,23.05185185185185
OO,JMS,-3.7404580152671754
OO,SFB,
OO,ABQ,0.5739750445632799
OO,ALB,-0.8972602739726028
OO,BGM,34.285714285714285
OO,MGM,8.279069767441861
OO,MEM,6.521084337349397
OO,ONT,2.4304347826086956
OO,TVC,7.266355140186916
OO,GEG,-2.3719806763285023
OO,OMA,0.2236842105263158
OO,ISP,
OO,DLH,0.0
OO,PIE,
OO,PSP,3.2606882168925964
OO,ACY,
OO,BJI,5.084615384615384
OO,LBB,3.2534246575342465
OO,SHV,5.095744680851064
OO,TTN,
OO,PIA,10.162790697674419
OO,GNV,-2.625
OO,PWM,4.294117647058823
OO,BZN,0.3858267716535433
OO,BRW,
OO,MFR,8.163879598662207
OO,GPT,8.25
OO,ATW,10.058823529411764
OO,DSM,3.7957317073170733
OO,CKB,17.807339449541285
OO,SGU,5.178571428571429
OO,SBA,0.7016806722689075
OO,OTZ,
OO,BGR,8.0
OO,XNA,12.272727272727273
OO,CAE,5.388888888888889
OO,SGF,20.322834645669293
OO,PGD,
OO,VLD,1.25
OO,CPR,1.515625
OO,LIH,
OO,JAN,19.463414634146343
OO,OAJ,34.22222222222222
OO,ABE,7.560344827586207
OO,EGE,7.213592233009709
OO,CRP,15.98076923076923
OO,FNT,0.5227272727272727
OO,WRG,
OO,FCA,9.2
OO,CHO,37.24324324324324
OO,MRY,1.0026881720430108
OO,SCE,-1.11864406779661
OO,AEX,0.5573770491803278
OO,MCW,-13.387755102040817
OO,RST,-3.86046511627907
OO,SIT,16.916666666666668
OO,BMI,16.625
OO,ACV,4.942953020134228
OO,GCC,2.652892561983471
OO,LFT,20.9126213592233
OO,ITO,
OO,ABY,-0.8888888888888888
OO,GRI,24.321428571428573
OO,BPT,0.6875
OO,APN,-4.821782178217822
OO,TLH,6.958333333333333
OO,FSM,7.352112676056338
OO,ALO,
OO,FAY,9.455882352941176
OO,GJT,7.137931034482759
OO,IAG,
OO,FLG,3.739130434782609
OO,LBE,
OO,CAK,37.61538461538461
OO,BFL,2.6995515695067263
OO,VEL,21.629310344827587
OO,STX,
OO,TYS,1.6919642857142858
OO,EYW,
OO,AVP,14.375
OO,KTN,-0.9473684210526315
OO,EVV,-7.666666666666667
OO,BRO,6.467741935483871
OO,SWF,25.12
OO,LIT,27.68780487804878
OO,GGG,38.34615384615385
OO,MSO,8.528
OO,PSC,0.8373015873015873
OO,SLN,7.813008130081301
OO,SBP,8.87326388888889
OO,BIH,-9.5
OO,MLU,4.68503937007874
OO,HOB,9.236842105263158
OO,DAY,9.069230769230769
OO,DBQ,
OO,ROW,12.16256157635468
OO,LEX,6.884615384615385
OO,PIH,-3.9398496240601504
OO,EWN,
OO,ESC,13.64406779661017
OO,SUX,0.9
OO,PAE,4.986301369863014
OO,CNY,4.116504854368932
OO,CDV,
OO,COU,13.563492063492063
OO,LBF,15.477272727272727
OO,MFE,-3.235294117647059
OO,PSE,
OO,LAR,7.197802197802198
OO,FAI,9.428571428571429
OO,SCC,
OO,MTJ,3.8194444444444446
OO,SJT,-3.6
OO,AGS,2.2666666666666666
OO,MDT,11.066037735849056
OO,ELM,-4.794117647058823
OO,HDN,15.947712418300654
OO,CWA,2.0
OO,MOT,11.534090909090908
OO,IDA,6.663316582914573
OO,FAR,9.214583333333334
OO,GFK,-6.780898876404494
OO,JAC,15.134883720930233
OO,LAW,7.5
OO,SUN,7.436781609195402
OO,IMT,-3.087719298245614
OO,LCH,23.05263157894737
OO,CLL,14.191176470588236
OO,PHF,
OO,TRI,0.36153846153846153
OO,BET,
OO,PBG,-4.176470588235294
OO,BQN,
OO,BRD,-0.1935483870967742
OO,DAB,
OO,DRO,9.17548076923077
OO,STS,3.0
OO,ROA,14.657534246575343
OO,DDC,5.160919540229885
OO,INL,-7.418367346938775
OO,ORH,-19.428571428571427
OO,TXK,19.5625
OO,BFF,10.361702127659575
OO,DHN,10.538461538461538
OO,SCK,-8.857142857142858
OO,LRD,5.41
OO,BTM,-3.8620689655172415
OO,IPT,
OO,PIB,15.714285714285714
OO,HYA,
OO,PVU,
OO,LBL,-3.784313725490196
OO,AZO,-1.2650602409638554
OO,ACK,
OO,YUM,0.9152542372881356
OO,DRT,17.52
OO,COD,19.620253164556964
OO,LNK,8.783783783783784
OO,SHD,19.213333333333335
OO,CIU,12.61111111111111
OO,HLN,1.375586854460094
OO,LWB,16.16883116883117
OO,MEI,1.6991150442477876
OO,SAF,5.92578125
OO,CYS,9.24074074074074
OO,ABR,-1.5315315315315314
OO,LCK,
OO,RKS,6.144444444444445
OO,GCK,-0.05555555555555555
OO,LWS,-4.47887323943662
OO,EAR,6.598130841121495
OO,GTR,-3.192982456140351
OO,CSG,0.7142857142857143
OO,RFD,
OO,BLV,
OO,TYR,37.05714285714286
OO,CMX,6.982300884955753
OO,PAH,-1.6136363636363635
OO,JST,-4.632352941176471
OO,TOL,
OO,PSG,
OO,MHK,1.2205882352941178
OO,YKM,
OO,EAT,
OO,SPI,-1.0405405405405406
OO,BQK,0.5961538461538461
OO,TWF,-2.2847222222222223
OO,PUB,-0.7191011235955056
OO,DEC,23.236559139784948
OO,ACT,32.806451612903224
OO,HHH,
OO,PLN,10.135593220338983
OO,HIB,-3.6320754716981134
OO,GUC,9.10126582278481
OO,ITH,8.425531914893616
OO,OME,
OO,MBS,7.346456692913386
OO,BFM,
OO,ADQ,
OO,LYH,
OO,RHI,-10.6
OO,ALW,0.4
OO,DLG,
OO,ALS,-18.73913043478261
OO,MMH,7.545454545454546
OO,XWA,18.236486486486488
OO,SPN,
OO,MVY,
OO,ERI,7.444444444444445
OO,PGV,
OO,HGR,
OO,ATY,-0.58
OO,SMX,
OO,HVN,
OO,CGI,-3.1941747572815533
OO,BKG,
OO,DIK,6.67741935483871
OO,AKN,
OO,RIW,12.51923076923077
OO,FLO,
OO,GUM,
OO,EAU,-2.4761904761904763
OO,TBN,-10.192307692307692
OO,HTS,
OO,PSM,
OO,EKO,-3.5783132530120483
OO,PUW,
OO,FOD,23.77777777777778
OO,CDB,
OO,WYS,-7.647058823529412
OO,OTH,2.574074074074074
OO,VCT,-3.9508196721311477
OO,PPG,
OO,OGS,25.553846153846155
OO,ISN,-4.55
OO,ART,
OO,ILG,
OO,OWB,
OO,OGD,
OO,STC,
OO,GST,
OO,UIN,24.846153846153847
OO,ADK,
9E,FLL,6.4
9E,MSP,-4.929944468175993
9E,DEN,
9E,MCO,9.555555555555555
9E,DAL,-7.0
9E,DCA,-5.583710407239819
9E,HSV,1.2151898734177216
9E,IAH,-7.074626865671642
9E,SEA,
9E,ATL,-1.3158969525604776
9E,RDU,1.0322180916976456
9E,MDW,3.742574257425743
9E,BDL,-7.059701492537314
9E,BWI,4.343347639484978
9E,STT,
9E,SRQ,94.66666666666667
9E,JFK,-3.2551963048498846
9E,GRR,2.2253521126760565
9E,DFW,2.8526315789473684
9E,CLT,9.721311475409836
9E,ORD,5.757894736842105
9E,LAS,
9E,TUL,-1.6666666666666667
9E,USA,
9E,SLC,
9E,BNA,4.233009708737864
9E,AUS,28.404255319148938
9E,IND,0.1076923076923077
9E,MHT,-11.478260869565217
9E,SFO,
9E,PRC,
9E,BOS,0.5036144578313253
9E,LAX,
9E,SMF,
9E,DTW,-2.6621584322384764
9E,SAT,-8.235294117647058
9E,MSY,8.222222222222221
9E,CMH,1.4811320754716981
9E,STL,9.75
9E,SJU,
9E,PHX,
9E,TPA,-12.741935483870968
9E,LGA,0.5527366020524516
9E,PHL,-3.402877697841727
9E,GRK,
9E,ILM,-3.8820224719101124
9E,JLN,
9E,MKE,7.699346405228758
9E,BIL,
9E,BLI,
9E,CHS,2.518292682926829
9E,RIC,4.426470588235294
9E,GSO,5.882352941176471
9E,MCI,2.627450980392157
9E,EWR,2.359154929577465
9E,ELP,
9E,SDF,-5.378378378378378
9E,HPN,-1.1130434782608696
9E,SAN,
9E,BHM,-1.3953488372093024
9E,SJC,
9E,ASE,
9E,HNL,
9E,MAF,
9E,BUF,-0.26330532212885155
9E,TUS,
9E,SYR,-3.634375
9E,MSN,-6.087179487179487
9E,FAT,
9E,FWA,-7.719512195121951
9E,LAN,1.6551724137931034
9E,ABI,
9E,ICT,9.711864406779661
9E,CMI,
9E,OAK,
9E,IAD,-5.689922480620155
9E,EUG,
9E,MIA,14.5
9E,CHA,-2.890566037735849
9E,BTV,6.912751677852349
9E,RSW,16.695652173913043
9E,PDX,
9E,SNA,
9E,PIT,0.26573426573426573
9E,OGG,
9E,HRL,-10.166666666666666
9E,BIS,-5.475
9E,SHR,
9E,BOI,
9E,RNO,
9E,GSP,2.6031746031746033
9E,MLB,24.285714285714285
9E,GRB,-9.904109589041095
9E,CRW,-0.9908256880733946
9E,LGB,
9E,OKC,-8.071428571428571
9E,PVD,0.5873015873015873
9E,YAK,
9E,CID,0.4473684210526316
9E,FSD,-0.4444444444444444
9E,HYS,
9E,VPS,-0.6176470588235294
9E,ROC,-1.4954682779456194
9E,SAV,1.036144578313253
9E,CLE,2.560416666666667
9E,RDD,
9E,ANC,
9E,DVL,
9E,SWO,
9E,BUR,
9E,PIR,
9E,HOU,-2.4545454545454546
9E,PBI,19.0
9E,MLI,-9.627906976744185
9E,AZA,
9E,MKG,
9E,PNS,
9E,MYR,-3.4081632653061225
9E,GTF,
9E,LSE,-19.0
9E,RDM,
9E,ORF,0.6101190476190477
9E,KOA,
9E,MQT,6.615384615384615
9E,COS,
9E,CVG,-0.8328125
9E,MOB,-10.161538461538461
9E,AVL,3.480874316939891
9E,BTR,0.40236686390532544
9E,JNU,
9E,CDC,
9E,SPS,
9E,ECP,0.35714285714285715
9E,JAX,8.25531914893617
9E,SBN,-2.0865384615384617
9E,RAP,-3.0
9E,AMA,
9E,JMS,
9E,SFB,
9E,ABQ,
9E,ALB,-0.8333333333333334
9E,BGM,-4.647058823529412
9E,MGM,0.4866666666666667
9E,MEM,-0.03076923076923077
9E,ONT,
9E,TVC,-2.0408163265306123
9E,GEG,
9E,OMA,1.5423728813559323
9E,ISP,
9E,DLH,-5.141025641025641
9E,PIE,
9E,PSP,
9E,ACY,
9E,BJI,
9E,LBB,
9E,SHV,-3.588888888888889
9E,TTN,
9E,PIA,
9E,GNV,8.870503597122303
9E,PWM,-2.149812734082397
9E,BZN,
9E,BRW,
9E,MFR,
9E,GPT,0.3931034482758621
9E,ATW,-5.294444444444444
9E,DSM,-5.3885209713024285
9E,CKB,
9E,SGU,
9E,SBA,
9E,OTZ,
9E,BGR,4.547058823529412
9E,XNA,11.284552845528456
9E,CAE,-5.2164179104477615
9E,SGF,-3.845528455284553
9E,PGD,
9E,VLD,12.568
9E,CPR,
9E,LIH,
9E,JAN,-2.6153846153846154
9E,OAJ,-0.852112676056338
9E,ABE,-0.9545454545454546
9E,EGE,
9E,CRP,
9E,FNT,-15.96774193548387
9E,WRG,
9E,FCA,
9E,CHO,0.7131474103585658
9E,MRY,
9E,SCE,-0.5666666666666667
9E,AEX,-6.455621301775148
9E,MCW,
9E,RST,-9.98913043478261
9E,SIT,
9E,BMI,0.912621359223301
9E,ACV,
9E,GCC,
9E,LFT,-5.328125
9E,ITO,
9E,ABY,-4.37037037037037
9E,GRI,
9E,BPT,
9E,APN,
9E,TLH,3.0344827586206895
9E,FSM,1.0
9E,ALO,
9E,FAY,-7.783018867924528
9E,GJT,
9E,IAG,
9E,FLG,
9E,LBE,
9E,CAK,-13.8
9E,BFL,
9E,VEL,
9E,STX,
9E,TYS,-5.272904483430799
9E,EYW,11.904761904761905
9E,AVP,-4.0
9E,KTN,
9E,EVV,-2.97196261682243
9E,BRO,
9E,SWF,
9E,LIT,11.90625
9E,GGG,
9E,MSO,
9E,PSC,
9E,SLN,
9E,SBP,
9E,BIH,
9E,MLU,4.651785714285714
9E,HOB,
9E,DAY,-2.5625
9E,DBQ,
9E,ROW,
9E,LEX,-0.8408304498269896
9E,PIH,
9E,EWN,-6.354838709677419
9E,ESC,
9E,SUX,
9E,PAE,
9E,CNY,
9E,CDV,
9E,COU,
9E,LBF,
9E,MFE,
9E,PSE,
9E,LAR,
9E,FAI,
9E,SCC,
9E,MTJ,
9E,SJT,
9E,AGS,-0.24752475247524752
9E,MDT,-4.495412844036697
9E,ELM,-8.275
9E,HDN,
9E,CWA,0.03349282296650718
9E,MOT,-8.0
9E,IDA,
9E,FAR,-2.3777777777777778
9E,GFK,-13.533333333333333
9E,JAC,
9E,LAW,
9E,SUN,
9E,IMT,
9E,LCH,
9E,CLL,
9E,PHF,9.147058823529411
9E,TRI,-5.477011494252873
9E,BET,
9E,PBG,
9E,BQN,
9E,BRD,
9E,DAB,
9E,DRO,
9E,STS,
9E,ROA,-1.9712230215827338
9E,DDC,
9E,INL,
9E,ORH,15.052631578947368
9E,TXK,
9E,BFF,
9E,DHN,-4.921568627450981
9E,SCK,
9E,LRD,
9E,BTM,
9E,IPT,
9E,PIB,
9E,HYA,
9E,PVU,
9E,LBL,
9E,AZO,-7.772277227722772
9E,ACK,55.75
9E,YUM,
9E,DRT,
9E,COD,
9E,LNK,0.7272727272727273
9E,SHD,
9E,CIU,
9E,HLN,
9E,LWB,
9E,MEI,
9E,SAF,
9E,CYS,
9E,ABR,
9E,LCK,
9E,RKS,
9E,GCK,
9E,LWS,
9E,EAR,
9E,GTR,-4.559440559440559
9E,CSG,-1.4156626506024097
9E,RFD,
9E,BLV,
9E,TYR,
9E,CMX,
9E,PAH,
9E,JST,
9E,TOL,
9E,PSG,
9E,MHK,
9E,YKM,
9E,EAT,
9E,SPI,
9E,BQK,-4.35
9E,TWF,
9E,PUB,
9E,DEC,
9E,ACT,
9E,HHH,
9E,PLN,
9E,HIB,
9E,GUC,
9E,ITH,-10.106382978723405
9E,OME,
9E,MBS,-9.159663865546218
9E,BFM,
9E,ADQ,
9E,LYH,
9E,RHI,
9E,ALW,
9E,DLG,
9E,ALS,
9E,MMH,
9E,XWA,
9E,SPN,
9E,MVY,17.5
9E,ERI,
9E,PGV,
9E,HGR,
9E,ATY,
9E,SMX,
9E,HVN,
9E,CGI,
9E,BKG,
9E,DIK,
9E,AKN,
9E,RIW,
9E,FLO,
9E,GUM,
9E,EAU,
9E,TBN,
9E,HTS,
9E,PSM,
9E,EKO,
9E,PUW,
9E,FOD,
9E,CDB,
9E,WYS,
9E,OTH,
9E,VCT,
9E,PPG,
9E,OGS,
9E,ISN,
9E,ART,
9E,ILG,
9E,OWB,
9E,OGD,
9E,STC,
9E,GST,
9E,UIN,
9E,ADK,
MQ,FLL,
MQ,MSP,1.9380530973451326
MQ,DEN,
MQ,MCO,
MQ,DAL,
MQ,DCA,6.077540106951871
MQ,HSV,4.759776536312849
MQ,IAH,-4.475728155339806
MQ,SEA,
MQ,ATL,8.869158878504672
MQ,RDU,1.2136752136752136
MQ,MDW,
MQ,BDL,6.666666666666667
MQ,BWI,17.97222222222222
MQ,STT,
MQ,SRQ,7.37037037037037
MQ,JFK,2.4829268292682927
MQ,GRR,6.0931372549019605
MQ,DFW,1.3059943735122268
MQ,CLT,5.810619469026548
MQ,ORD,2.9861894024802704
MQ,LAS,
MQ,TUL,2.2637362637362637
MQ,USA,
MQ,SLC,31.705882352941178
MQ,BNA,4.097165991902834
MQ,AUS,9.531152647975079
MQ,IND,6.229437229437229
MQ,MHT,-1.8181818181818181
MQ,SFO,
MQ,PRC,
MQ,BOS,3.032608695652174
MQ,LAX,
MQ,SMF,-8.2
MQ,DTW,0.15384615384615385
MQ,SAT,-6.85
MQ,MSY,-0.06382978723404255
MQ,CMH,3.352250489236791
MQ,STL,1.4202127659574468
MQ,SJU,
MQ,PHX,12.30593607305936
MQ,TPA,19.698795180722893
MQ,LGA,7.107692307692307
MQ,PHL,22.0
MQ,GRK,3.140151515151515
MQ,ILM,8.542168674698795
MQ,JLN,1.9275362318840579
MQ,MKE,0.11904761904761904
MQ,BIL,4.5875
MQ,BLI,
MQ,CHS,-0.23125
MQ,RIC,11.152173913043478
MQ,GSO,1.5272108843537415
MQ,MCI,-0.3076923076923077
MQ,EWR,3.611111111111111
MQ,ELP,-0.17647058823529413
MQ,SDF,6.467032967032967
MQ,HPN,29.545454545454547
MQ,SAN,
MQ,BHM,6.946938775510204
MQ,SJC,-5.6
MQ,ASE,
MQ,HNL,
MQ,MAF,2.87
MQ,BUF,-0.7549668874172185
MQ,TUS,-7.875
MQ,SYR,-0.5555555555555556
MQ,MSN,7.86096256684492
MQ,FAT,13.0
MQ,FWA,-9.231884057971014
MQ,LAN,0.43956043956043955
MQ,ABI,8.116352201257861
MQ,ICT,1.075268817204301
MQ,CMI,1.1211072664359862
MQ,OAK,
MQ,IAD,-7.833333333333333
MQ,EUG,10.142857142857142
MQ,MIA,3.433807439824945
MQ,CHA,5.2
MQ,BTV,51.785714285714285
MQ,RSW,-4.5
MQ,PDX,-14.5
MQ,SNA,
MQ,PIT,3.514450867052023
MQ,OGG,
MQ,HRL,-5.352380952380952
MQ,BIS,11.222222222222221
MQ,SHR,
MQ,BOI,-1.5671641791044777
MQ,RNO,2.53125
MQ,GSP,2.474747474747475
MQ,MLB,
MQ,GRB,14.046875
MQ,CRW,
MQ,LGB,18.555555555555557
MQ,OKC,6.537735849056604
MQ,PVD,5.916666666666667
MQ,YAK,
MQ,CID,5.5574468085106385
MQ,FSD,11.495145631067961
MQ,HYS,
MQ,VPS,4.225806451612903
MQ,ROC,10.504672897196262
MQ,SAV,1.90990990990991
MQ,CLE,1.4827586206896552
MQ,RDD,
MQ,ANC,
MQ,DVL,
MQ,SWO,-0.02040816326530612
MQ,BUR,-7.0
MQ,PIR,
MQ,HOU,5.775862068965517
MQ,PBI,46.4
MQ,MLI,-2.5297619047619047
MQ,AZA,
MQ,MKG,
MQ,PNS,0.313953488372093
MQ,MYR,10.627906976744185
MQ,GTF,
MQ,LSE,-4.362637362637362
MQ,RDM,
MQ,ORF,-2.3480662983425415
MQ,KOA,
MQ,MQT,9.8
MQ,COS,-1.9523809523809523
MQ,CVG,3.147766323024055
MQ,MOB,14.126760563380282
MQ,AVL,13.333333333333334
MQ,BTR,5.5487179487179485
MQ,JNU,
MQ,CDC,
MQ,SPS,5.962025316455696
MQ,ECP,9.333333333333334
MQ,JAX,5.695454545454545
MQ,SBN,
MQ,RAP,-3.5
MQ,AMA,2.653225806451613
MQ,JMS,
MQ,SFB,
MQ,ABQ,-4.2615384615384615
MQ,ALB,-6.037037037037037
MQ,BGM,
MQ,MGM,10.658536585365853
MQ,MEM,2.3705357142857144
MQ,ONT,-24.0
MQ,TVC,5.836477987421383
MQ,GEG,40.0
MQ,OMA,-6.418181818181818
MQ,ISP,
MQ,DLH,4.8
MQ,PIE,
MQ,PSP,-12.2
MQ,ACY,
MQ,BJI,
MQ,LBB,3.1527777777777777
MQ,SHV,13.759562841530055
MQ,TTN,
MQ,PIA,-3.25
MQ,GNV,11.364583333333334
MQ,PWM,-3.793103448275862
MQ,BZN,-2.3125
MQ,BRW,
MQ,MFR,
MQ,GPT,6.188888888888889
MQ,ATW,2.97
MQ,DSM,5.342245989304812
MQ,CKB,
MQ,SGU,
MQ,SBA,25.73076923076923
MQ,OTZ,
MQ,BGR,3.7777777777777777
MQ,XNA,6.733333333333333
MQ,CAE,4.467391304347826
MQ,SGF,5.9984177215189876
MQ,PGD,
MQ,VLD,
MQ,CPR,
MQ,LIH,
MQ,JAN,2.4615384615384617
MQ,OAJ,-15.0
MQ,ABE,-7.316666666666666
MQ,EGE,
MQ,CRP,1.5967078189300412
MQ,FNT,3.5354330708661417
MQ,WRG,
MQ,FCA,4.285714285714286
MQ,CHO,10.549295774647888
MQ,MRY,6.662337662337662
MQ,SCE,-11.5
MQ,AEX,7.792592592592593
MQ,MCW,
MQ,RST,3.926829268292683
MQ,SIT,
MQ,BMI,7.605504587155964
MQ,ACV,
MQ,GCC,
MQ,LFT,4.688679245283019
MQ,ITO,
MQ,ABY,
MQ,GRI,-2.2278481012658227
MQ,BPT,10.041666666666666
MQ,APN,
MQ,TLH,7.768924302788845
MQ,FSM,0.9304347826086956
MQ,ALO,1.8
MQ,FAY,14.0
MQ,GJT,-1.63125
MQ,IAG,
MQ,FLG,
MQ,LBE,
MQ,CAK,-4.5
MQ,BFL,2.0
MQ,VEL,
MQ,STX,
MQ,TYS,3.622754491017964
MQ,EYW,15.408450704225352
MQ,AVP,-3.211267605633803
MQ,KTN,
MQ,EVV,3.7222222222222223
MQ,BRO,17.44144144144144
MQ,SWF,
MQ,LIT,10.012389380530973
MQ,GGG,0.19008264462809918
MQ,MSO,-2.9344262295081966
MQ,PSC,
MQ,SLN,
MQ,SBP,16.44736842105263
MQ,BIH,
MQ,MLU,-0.37755102040816324
MQ,HOB,
MQ,DAY,0.4467005076142132
MQ,DBQ,0.5425531914893617
MQ,ROW,-9.0
MQ,LEX,1.6869565217391305
MQ,PIH,
MQ,EWN,
MQ,ESC,
MQ,SUX,5.6117647058823525
MQ,PAE,
MQ,CNY,
MQ,CDV,
MQ,COU,8.452380952380953
MQ,LBF,
MQ,MFE,4.020618556701031
MQ,PSE,
MQ,LAR,
MQ,FAI,
MQ,SCC,
MQ,MTJ,5.181818181818182
MQ,SJT,2.784313725490196
MQ,AGS,6.283333333333333
MQ,MDT,0.25
MQ,ELM,
MQ,HDN,-17.428571428571427
MQ,CWA,0.5684210526315789
MQ,MOT,
MQ,IDA,
MQ,FAR,6.848275862068966
MQ,GFK,
MQ,JAC,
MQ,LAW,13.807692307692308
MQ,SUN,
MQ,IMT,
MQ,LCH,16.147058823529413
MQ,CLL,-3.6595744680851063
MQ,PHF,
MQ,TRI,7.676470588235294
MQ,BET,
MQ,PBG,
MQ,BQN,
MQ,BRD,
MQ,DAB,75.0
MQ,DRO,-8.444444444444445
MQ,STS,10.545454545454545
MQ,ROA,28.0
MQ,DDC,
MQ,INL,
MQ,ORH,
MQ,TXK,3.308333333333333
MQ,BFF,
MQ,DHN,
MQ,SCK,
MQ,LRD,13.901515151515152
MQ,BTM,
MQ,IPT,-3.5
MQ,PIB,
MQ,HYA,
MQ,PVU,
MQ,LBL,
MQ,AZO,-1.0851063829787233
MQ,ACK,-12.5
MQ,YUM,-4.0
MQ,DRT,10.985915492957746
MQ,COD,
MQ,LNK,
MQ,SHD,
MQ,CIU,
MQ,HLN,
MQ,LWB,
MQ,MEI,
MQ,SAF,13.166666666666666
MQ,CYS,
MQ,ABR,
MQ,LCK,
MQ,RKS,
MQ,GCK,3.9017857142857144
MQ,LWS,
MQ,EAR,
MQ,GTR,
MQ,CSG,
MQ,RFD,
MQ,BLV,
MQ,TYR,1.7556818181818181
MQ,CMX,
MQ,PAH,
MQ,JST,
MQ,TOL,-1.9726027397260273
MQ,PSG,
MQ,MHK,4.2
MQ,YKM,
MQ,EAT,
MQ,SPI,-0.7464788732394366
MQ,BQK,
MQ,TWF,
MQ,PUB,
MQ,DEC,
MQ,ACT,7.8052631578947365
MQ,HHH,3.1515151515151514
MQ,PLN,
MQ,HIB,
MQ,GUC,
MQ,ITH,
MQ,OME,
MQ,MBS,
MQ,BFM,
MQ,ADQ,
MQ,LYH,5.0
MQ,RHI,
MQ,ALW,
MQ,DLG,
MQ,ALS,
MQ,MMH,
MQ,XWA,
MQ,SPN,
MQ,MVY,
MQ,ERI,-3.125
MQ,PGV,-11.0
MQ,HGR,
MQ,ATY,
MQ,SMX,
MQ,HVN,
MQ,CGI,
MQ,BKG,
MQ,DIK,
MQ,AKN,
MQ,RIW,
MQ,FLO,
MQ,GUM,
MQ,EAU,
MQ,TBN,
MQ,HTS,-2.0
MQ,PSM,
MQ,EKO,
MQ,PUW,
MQ,FOD,
MQ,CDB,
MQ,WYS,
MQ,OTH,
MQ,VCT,
MQ,PPG,
MQ,OGS,
MQ,ISN,
MQ,ART,
MQ,ILG,
MQ,OWB,
MQ,OGD,
MQ,STC,
MQ,GST,
MQ,UIN,
MQ,ADK,
F9,FLL,34.394904458598724
F9,MSP,4.673469387755102
F9,DEN,6.1777332570120205
F9,MCO,12.8429718875502
F9,DAL,
F9,DCA,-10.096969696969698
F9,HSV,26.529411764705884
F9,IAH,21.23728813559322
F9,SEA,19.047619047619047
F9,ATL,20.108235294117648
F9,RDU,8.355392156862745
F9,MDW,26.253164556962027
F9,BDL,40.36082474226804
F9,BWI,13.689265536723164
F9,STT,21.0
F9,SRQ,7.093023255813954
F9,JFK,
F9,GRR,4.511363636363637
F9,DFW,20.85781990521327
F9,CLT,15.792929292929292
F9,ORD,4.652509652509653
F9,LAS,10.459797785267213
F9,TUL,17.3125
F9,USA,
F9,SLC,6.203883495145631
F9,BNA,10.431372549019608
F9,AUS,8.254437869822485
F9,IND,2.1545454545454548
F9,MHT,
F9,SFO,12.558394160583942
F9,PRC,
F9,BOS,4.843373493975903
F9,LAX,-10.36936936936937
F9,SMF,12.642105263157895
F9,DTW,15.063953488372093
F9,SAT,9.691729323308271
F9,MSY,5.870503597122302
F9,CMH,12.694915254237289
F9,STL,11.55793991416309
F9,SJU,21.936548223350254
F9,PHX,2.9730538922155687
F9,TPA,11.268072289156626
F9,LGA,24.27027027027027
F9,PHL,16.018356643356643
F9,GRK,
F9,ILM,
F9,JLN,
F9,MKE,3.838709677419355
F9,BIL,49.2
F9,BLI,
F9,CHS,14.592592592592593
F9,RIC,
F9,GSO,
F9,MCI,20.939393939393938
F9,EWR,13.793103448275861
F9,ELP,8.23076923076923
F9,SDF,21.90909090909091
F9,HPN,
F9,SAN,7.353658536585366
F9,BHM,21.428571428571427
F9,SJC,-1.3333333333333333
F9,ASE,
F9,HNL,
F9,MAF,
F9,BUF,9.008
F9,TUS,-5.545454545454546
F9,SYR,5.306666666666667
F9,MSN,11.571428571428571
F9,FAT,-9.333333333333334
F9,FWA,
F9,LAN,
F9,ABI,
F9,ICT,54.9
F9,CMI,
F9,OAK,14.674418604651162
F9,IAD,25.057142857142857
F9,EUG,
F9,MIA,19.667355371900825
F9,CHA,
F9,BTV,6.1
F9,RSW,6.0344827586206895
F9,PDX,6.712765957446808
F9,SNA,23.79194630872483
F9,PIT,4.4375
F9,OGG,
F9,HRL,29.916666666666668
F9,BIS,29.4
F9,SHR,
F9,BOI,58.2
F9,RNO,28.3
F9,GSP,37.714285714285715
F9,MLB,
F9,GRB,12.391304347826088
F9,CRW,
F9,LGB,
F9,OKC,0.6388888888888888
F9,PVD,18.94736842105263
F9,YAK,
F9,CID,4.777777777777778
F9,FSD,0.5666666666666667
F9,HYS,
F9,VPS,
F9,ROC,33.578947368421055
F9,SAV,-1.125
F9,CLE,12.466796875
F9,RDD,
F9,ANC,
F9,DVL,
F9,SWO,
F9,BUR,13.076923076923077
F9,PIR,
F9,HOU,50.04347826086956
F9,PBI,19.843478260869563
F9,MLI,
F9,AZA,
F9,MKG,
F9,PNS,33.095238095238095
F9,MYR,9.487179487179487
F9,GTF,
F9,LSE,
F9,RDM,
F9,ORF,6.762711864406779
F9,KOA,
F9,MQT,
F9,COS,4.052631578947368
F9,CVG,12.680616740088105
F9,MOB,
F9,AVL,
F9,BTR,
F9,JNU,
F9,CDC,
F9,SPS,
F9,ECP,
F9,JAX,18.294871794871796
F9,SBN,
F9,RAP,
F9,AMA,
F9,JMS,
F9,SFB,
F9,ABQ,-4.333333333333333
F9,ALB,16.54054054054054
F9,BGM,
F9,MGM,
F9,MEM,13.183333333333334
F9,ONT,13.60952380952381
F9,TVC,
F9,GEG,-6.826086956521739
F9,OMA,8.506849315068493
F9,ISP,10.867595818815332
F9,DLH,
F9,PIE,
F9,PSP,-12.454545454545455
F9,ACY,
F9,BJI,
F9,LBB,
F9,SHV,
F9,TTN,16.763688760806918
F9,PIA,
F9,GNV,
F9,PWM,-0.1
F9,BZN,13.615384615384615
F9,BRW,
F9,MFR,
F9,GPT,
F9,ATW,
F9,DSM,12.0
F9,CKB,
F9,SGU,
F9,SBA,-11.0
F9,OTZ,
F9,BGR,
F9,XNA,-5.108108108108108
F9,CAE,
F9,SGF,
F9,PGD,
F9,VLD,
F9,CPR,
F9,LIH,
F9,JAN,-13.6
F9,OAJ,
F9,ABE,
F9,EGE,
F9,CRP,
F9,FNT,
F9,WRG,
F9,FCA,18.0
F9,CHO,
F9,MRY,
F9,SCE,
F9,AEX,
F9,MCW,
F9,RST,
F9,SIT,
F9,BMI,3.0434782608695654
F9,ACV,
F9,GCC,
F9,LFT,3.5
F9,ITO,
F9,ABY,
F9,GRI,
F9,BPT,
F9,APN,
F9,TLH,
F9,FSM,
F9,ALO,
F9,FAY,
F9,GJT,
F9,IAG,
F9,FLG,
F9,LBE,
F9,CAK,
F9,BFL,
F9,VEL,
F9,STX,
F9,TYS,-2.967741935483871
F9,EYW,
F9,AVP,
F9,KTN,
F9,EVV,
F9,BRO,
F9,SWF,40.125
F9,LIT,-4.944444444444445
F9,GGG,
F9,MSO,7.818181818181818
F9,PSC,
F9,SLN,
F9,SBP,
F9,BIH,
F9,MLU,
F9,HOB,
F9,DAY,
F9,DBQ,
F9,ROW,
F9,LEX,
F9,PIH,
F9,EWN,
F9,ESC,
F9,SUX,
F9,PAE,
F9,CNY,
F9,CDV,
F9,COU,
F9,LBF,
F9,MFE,
F9,PSE,0.6666666666666666
F9,LAR,
F9,FAI,
F9,SCC,
F9,MTJ,
F9,SJT,
F9,AGS,
F9,MDT,23.5
F9,ELM,
F9,HDN,
F9,CWA,
F9,MOT,
F9,IDA,
F9,FAR,-5.363636363636363
F9,GFK,
F9,JAC,39.666666666666664
F9,LAW,
F9,SUN,
F9,IMT,
F9,LCH,
F9,CLL,
F9,PHF,
F9,TRI,
F9,BET,
F9,PBG,
F9,BQN,30.352941176470587
F9,BRD,
F9,DAB,
F9,DRO,0.25
F9,STS,
F9,ROA,
F9,DDC,
F9,INL,
F9,ORH,
F9,TXK,
F9,BFF,
F9,DHN,
F9,SCK,
F9,LRD,
F9,BTM,
F9,IPT,
F9,PIB,
F9,HYA,
F9,PVU,
F9,LBL,
F9,AZO,
F9,ACK,
F9,YUM,
F9,DRT,
F9,COD,
F9,LNK,
F9,SHD,
F9,CIU,
F9,HLN,
F9,LWB,
F9,MEI,
F9,SAF,
F9,CYS,
F9,ABR,
F9,LCK,
F9,RKS,
F9,GCK,
F9,LWS,
F9,EAR,
F9,GTR,
F9,CSG,
F9,RFD,
F9,BLV,
F9,TYR,-30.0
F9,CMX,
F9,PAH,
F9,JST,
F9,TOL,
F9,PSG,
F9,MHK,
F9,YKM,
F9,EAT,
F9,SPI,
F9,BQK,
F9,TWF,
F9,PUB,
F9,DEC,
F9,ACT,
F9,HHH,
F9,PLN,
F9,HIB,
F9,GUC,
F9,ITH,
F9,OME,
F9,MBS,
F9,BFM,11.0
F9,ADQ,
F9,LYH,
F9,RHI,
F9,ALW,
F9,DLG,
F9,ALS,
F9,MMH,
F9,XWA,
F9,SPN,
F9,MVY,
F9,ERI,
F9,PGV,
F9,HGR,
F9,ATY,
F9,SMX,
F9,HVN,
F9,CGI,
F9,BKG,10.214285714285714
F9,DIK,
F9,AKN,
F9,RIW,
F9,FLO,
F9,GUM,
F9,EAU,
F9,TBN,
F9,HTS,
F9,PSM,8.25
F9,EKO,
F9,PUW,
F9,FOD,
F9,CDB,
F9,WYS,
F9,OTH,
F9,VCT,
F9,PPG,
F9,OGS,
F9,ISN,
F9,ART,
F9,ILG,15.0
F9,OWB,
F9,OGD,
F9,STC,
F9,GST,
F9,UIN,
F9,ADK,
YV,FLL,-4.833333333333333
YV,MSP,-0.038461538461538464
YV,DEN,
YV,MCO,
YV,DAL,
YV,DCA,5.209090909090909
YV,HSV,26.755102040816325
YV,IAH,5.078431372549019
YV,SEA,
YV,ATL,0.10869565217391304
YV,RDU,-1.2244897959183674
YV,MDW,
YV,BDL,-6.344827586206897
YV,BWI,-6.16
YV,STT,
YV,SRQ,0.7446808510638298
YV,JFK,
YV,GRR,36.608695652173914
YV,DFW,14.201146430432518
YV,CLT,5.129310344827586
YV,ORD,21.573033707865168
YV,LAS,
YV,TUL,1.2734375
YV,USA,
YV,SLC,20.392156862745097
YV,BNA,0.5471698113207547
YV,AUS,-3.311926605504587
YV,IND,6.532608695652174
YV,MHT,-9.444444444444445
YV,SFO,
YV,PRC,
YV,BOS,-10.285714285714286
YV,LAX,
YV,SMF,0.75
YV,DTW,1.4180790960451977
YV,SAT,-4.688172043010753
YV,MSY,-7.6
YV,CMH,4.381294964028777
YV,STL,1.3692307692307693
YV,SJU,
YV,PHX,11.928484107579463
YV,TPA,-3.5
YV,LGA,8.376425855513308
YV,PHL,-3.876923076923077
YV,GRK,3.111111111111111
YV,ILM,-7.625
YV,JLN,13.875
YV,MKE,-12.35
YV,BIL,16.0
YV,BLI,
YV,CHS,3.3622047244094486
YV,RIC,22.822580645161292
YV,GSO,-5.464285714285714
YV,MCI,-1.9672131147540983
YV,EWR,
YV,ELP,6.2984054669703875
YV,SDF,19.760714285714286
YV,HPN,
YV,SAN,
YV,BHM,5.162650602409639
YV,SJC,-26.48
YV,ASE,
YV,HNL,
YV,MAF,5.096618357487923
YV,BUF,14.53125
YV,TUS,2.544943820224719
YV,SYR,8.36111111111111
YV,MSN,-4.195121951219512
YV,FAT,7.827586206896552
YV,FWA,
YV,LAN,
YV,ABI,
YV,ICT,-0.7752808988764045
YV,CMI,
YV,OAK,10.11111111111111
YV,IAD,4.342260310658811
YV,EUG,2.0714285714285716
YV,MIA,5.541666666666667
YV,CHA,-1.434782608695652
YV,BTV,5.466666666666667
YV,RSW,1.3846153846153846
YV,PDX,
YV,SNA,
YV,PIT,4.775757575757575
YV,OGG,
YV,HRL,21.4
YV,BIS,8.413793103448276
YV,SHR,
YV,BOI,-7.53125
YV,RNO,6.405405405405405
YV,GSP,0.6274509803921569
YV,MLB,
YV,GRB,
YV,CRW,
YV,LGB,14.884210526315789
YV,OKC,8.722433460076045
YV,PVD,-0.4722222222222222
YV,YAK,
YV,CID,20.285714285714285
YV,FSD,8.81578947368421
YV,HYS,
YV,VPS,22.25925925925926
YV,ROC,-7.833333333333333
YV,SAV,2.9238095238095236
YV,CLE,-9.566666666666666
YV,RDD,
YV,ANC,
YV,DVL,
YV,SWO,
YV,BUR,7.805194805194805
YV,PIR,
YV,HOU,19.9484126984127
YV,PBI,0.225
YV,MLI,-2.0833333333333335
YV,AZA,
YV,MKG,
YV,PNS,11.715596330275229
YV,MYR,20.8
YV,GTF,
YV,LSE,
YV,RDM,
YV,ORF,2.4941176470588236
YV,KOA,
YV,MQT,
YV,COS,-5.545454545454546
YV,CVG,4.021897810218978
YV,MOB,9.252173913043478
YV,AVL,25.70967741935484
YV,BTR,5.454545454545454
YV,JNU,
YV,CDC,
YV,SPS,
YV,ECP,18.133333333333333
YV,JAX,1.25
YV,SBN,
YV,RAP,12.467289719626168
YV,AMA,7.701612903225806
YV,JMS,
YV,SFB,
YV,ABQ,5.167487684729064
YV,ALB,-4.0
YV,BGM,
YV,MGM,22.06122448979592
YV,MEM,7.768115942028985
YV,ONT,4.747252747252747
YV,TVC,
YV,GEG,
YV,OMA,3.558139534883721
YV,ISP,
YV,DLH,
YV,PIE,
YV,PSP,0.5108695652173914
YV,ACY,
YV,BJI,
YV,LBB,6.905
YV,SHV,17.88888888888889
YV,TTN,
YV,PIA,7.233766233766234
YV,GNV,
YV,PWM,5.3076923076923075
YV,BZN,-6.25
YV,BRW,
YV,MFR,-0.9473684210526315
YV,GPT,6.813953488372093
YV,ATW,
YV,DSM,2.8526315789473684
YV,CKB,
YV,SGU,
YV,SBA,10.592233009708737
YV,OTZ,
YV,BGR,
YV,XNA,12.793103448275861
YV,CAE,-3.5
YV,SGF,
YV,PGD,
YV,VLD,
YV,CPR,
YV,LIH,
YV,JAN,17.633663366336634
YV,OAJ,
YV,ABE,
YV,EGE,
YV,CRP,3.0792079207920793
YV,FNT,
YV,WRG,
YV,FCA,-2.5
YV,CHO,
YV,MRY,-2.287128712871287
YV,SCE,
YV,AEX,
YV,MCW,
YV,RST,
YV,SIT,
YV,BMI,-4.223880597014926
YV,ACV,
YV,GCC,
YV,LFT,6.36144578313253
YV,ITO,
YV,ABY,
YV,GRI,
YV,BPT,
YV,APN,
YV,TLH,1.3404255319148937
YV,FSM,9.642857142857142
YV,ALO,
YV,FAY,0.9090909090909091
YV,GJT,23.6
YV,IAG,
YV,FLG,3.8333333333333335
YV,LBE,
YV,CAK,-3.8333333333333335
YV,BFL,3.4310344827586206
YV,VEL,
YV,STX,
YV,TYS,10.901408450704226
YV,EYW,125.15
YV,AVP,
YV,KTN,
YV,EVV,-5.4
YV,BRO,43.15151515151515
YV,SWF,
YV,LIT,-1.2564102564102564
YV,GGG,
YV,MSO,
YV,PSC,
YV,SLN,
YV,SBP,-1.9375
YV,BIH,
YV,MLU,18.5
YV,HOB,
YV,DAY,11.464285714285714
YV,DBQ,
YV,ROW,
YV,LEX,7.0
YV,PIH,
YV,EWN,
YV,ESC,
YV,SUX,
YV,PAE,
YV,CNY,
YV,CDV,
YV,COU,2.9
YV,LBF,
YV,MFE,4.424242424242424
YV,PSE,
YV,LAR,
YV,FAI,
YV,SCC,
YV,MTJ,4.379310344827586
YV,SJT,
YV,AGS,13.666666666666666
YV,MDT,-12.0
YV,ELM,
YV,HDN,
YV,CWA,
YV,MOT,
YV,IDA,
YV,FAR,17.941176470588236
YV,GFK,
YV,JAC,
YV,LAW,
YV,SUN,
YV,IMT,
YV,LCH,1.0
YV,CLL,
YV,PHF,
YV,TRI,1.0
YV,BET,
YV,PBG,
YV,BQN,
YV,BRD,
YV,DAB,-7.888888888888889
YV,DRO,5.365853658536586
YV,STS,7.04
YV,ROA,-21.333333333333332
YV,DDC,
YV,INL,
YV,ORH,
YV,TXK,
YV,BFF,
YV,DHN,
YV,SCK,
YV,LRD,
YV,BTM,
YV,IPT,
YV,PIB,
YV,HYA,
YV,PVU,
YV,LBL,
YV,AZO,
YV,ACK,
YV,YUM,13.358490566037736
YV,DRT,
YV,COD,
YV,LNK,
YV,SHD,
YV,CIU,
YV,HLN,
YV,LWB,
YV,MEI,
YV,SAF,-5.166666666666667
YV,CYS,
YV,ABR,
YV,LCK,
YV,RKS,
YV,GCK,
YV,LWS,
YV,EAR,
YV,GTR,
YV,CSG,
YV,RFD,
YV,BLV,
YV,TYR,
YV,CMX,
YV,PAH,
YV,JST,
YV,TOL,
YV,PSG,
YV,MHK,
YV,YKM,
YV,EAT,
YV,SPI,
YV,BQK,
YV,TWF,
YV,PUB,
YV,DEC,
YV,ACT,
YV,HHH,-5.933333333333334
YV,PLN,
YV,HIB,
YV,GUC,25.153846153846153
YV,ITH,
YV,OME,
YV,MBS,
YV,BFM,
YV,ADQ,
YV,LYH,
YV,RHI,
YV,ALW,
YV,DLG,
YV,ALS,
YV,MMH,
YV,XWA,
YV,SPN,
YV,MVY,
YV,ERI,
YV,PGV,
YV,HGR,
YV,ATY,
YV,SMX,
YV,HVN,
YV,CGI,
YV,BKG,
YV,DIK,
YV,AKN,
YV,RIW,
YV,FLO,
YV,GUM,
YV,EAU,
YV,TBN,
YV,HTS,
YV,PSM,
YV,EKO,
YV,PUW,
YV,FOD,
YV,CDB,
YV,WYS,
YV,OTH,
YV,VCT,
YV,PPG,
YV,OGS,
YV,ISN,
YV,ART,
YV,ILG,
YV,OWB,
YV,OGD,
YV,STC,
YV,GST,
YV,UIN,
YV,ADK,
QX,FLL,
QX,MSP,-3.5
QX,DEN,
QX,MCO,
QX,DAL,21.5
QX,DCA,
QX,HSV,
QX,IAH,
QX,SEA,3.0047596382674917
QX,ATL,
QX,RDU,
QX,MDW,
QX,BDL,
QX,BWI,
QX,STT,
QX,SRQ,
QX,JFK,
QX,GRR,
QX,DFW,69.66666666666667
QX,CLT,
QX,ORD,2.32
QX,LAS,2.6296296296296298
QX,TUL,
QX,USA,
QX,SLC,8.238095238095237
QX,BNA,
QX,AUS,0.9736842105263158
QX,IND,
QX,MHT,
QX,SFO,3.838888888888889
QX,PRC,
QX,BOS,
QX,LAX,2.1283185840707963
QX,SMF,1.8494623655913978
QX,DTW,
QX,SAT,
QX,MSY,
QX,CMH,
QX,STL,
QX,SJU,
QX,PHX,4.711538461538462
QX,TPA,
QX,LGA,
QX,PHL,
QX,GRK,
QX,ILM,
QX,JLN,
QX,MKE,
QX,BIL,7.012987012987013
QX,BLI,-2.1880341880341883
QX,CHS,
QX,RIC,
QX,GSO,
QX,MCI,
QX,EWR,
QX,ELP,-6.3125
QX,SDF,
QX,HPN,
QX,SAN,0.38596491228070173
QX,BHM,
QX,SJC,-6.853658536585366
QX,ASE,
QX,HNL,
QX,MAF,
QX,BUF,
QX,TUS,30.333333333333332
QX,SYR,
QX,MSN,
QX,FAT,3.2580645161290325
QX,FWA,
QX,LAN,
QX,ABI,
QX,ICT,-8.428571428571429
QX,CMI,
QX,OAK,4.391304347826087
QX,IAD,
QX,EUG,1.0410958904109588
QX,MIA,
QX,CHA,
QX,BTV,
QX,RSW,
QX,PDX,2.3536585365853657
QX,SNA,6.4125
QX,PIT,
QX,OGG,
QX,HRL,
QX,BIS,
QX,SHR,
QX,BOI,4.815420560747664
QX,RNO,1.5168539325842696
QX,GSP,
QX,MLB,
QX,GRB,
QX,CRW,
QX,LGB,
QX,OKC,30.0
QX,PVD,
QX,YAK,
QX,CID,
QX,FSD,
QX,HYS,
QX,VPS,
QX,ROC,
QX,SAV,
QX,CLE,
QX,RDD,-4.181818181818182
QX,ANC,4.109090909090909
QX,DVL,
QX,SWO,
QX,BUR,
QX,PIR,
QX,HOU,
QX,PBI,
QX,MLI,
QX,AZA,
QX,MKG,
QX,PNS,
QX,MYR,
QX,GTF,8.615384615384615
QX,LSE,
QX,RDM,5.36180904522613
QX,ORF,
QX,KOA,
QX,MQT,
QX,COS,
QX,CVG,
QX,MOB,
QX,AVL,
QX,BTR,
QX,JNU,
QX,CDC,
QX,SPS,
QX,ECP,
QX,JAX,
QX,SBN,
QX,RAP,
QX,AMA,
QX,JMS,
QX,SFB,
QX,ABQ,-8.0
QX,ALB,
QX,BGM,
QX,MGM,
QX,MEM,
QX,ONT,-1.875
QX,TVC,
QX,GEG,4.380382775119617
QX,OMA,
QX,ISP,
QX,DLH,
QX,PIE,
QX,PSP,12.758620689655173
QX,ACY,
QX,BJI,
QX,LBB,
QX,SHV,
QX,TTN,
QX,PIA,
QX,GNV,
QX,PWM,
QX,BZN,-6.551020408163265
QX,BRW,
QX,MFR,-1.03125
QX,GPT,
QX,ATW,
QX,DSM,
QX,CKB,
QX,SGU,
QX,SBA,-7.642857142857143
QX,OTZ,
QX,BGR,
QX,XNA,
QX,CAE,
QX,SGF,
QX,PGD,
QX,VLD,
QX,CPR,
QX,LIH,
QX,JAN,
QX,OAJ,
QX,ABE,
QX,EGE,
QX,CRP,
QX,FNT,
QX,WRG,
QX,FCA,5.966666666666667
QX,CHO,
QX,MRY,5.545454545454546
QX,SCE,
QX,AEX,
QX,MCW,
QX,RST,
QX,SIT,
QX,BMI,
QX,ACV,
QX,GCC,
QX,LFT,
QX,ITO,
QX,ABY,
QX,GRI,
QX,BPT,
QX,APN,
QX,TLH,
QX,FSM,
QX,ALO,
QX,FAY,
QX,GJT,
QX,IAG,
QX,FLG,
QX,LBE,
QX,CAK,
QX,BFL,
QX,VEL,
QX,STX,
QX,TYS,
QX,EYW,
QX,AVP,
QX,KTN,
QX,EVV,
QX,BRO,
QX,SWF,
QX,LIT,
QX,GGG,
QX,MSO,5.714285714285714
QX,PSC,5.468965517241379
QX,SLN,
QX,SBP,-7.590909090909091
QX,BIH,
QX,MLU,
QX,HOB,
QX,DAY,
QX,DBQ,
QX,ROW,
QX,LEX,
QX,PIH,
QX,EWN,
QX,ESC,
QX,SUX,
QX,PAE,-0.5572139303482587
QX,CNY,
QX,CDV,
QX,COU,
QX,LBF,
QX,MFE,
QX,PSE,
QX,LAR,
QX,FAI,1.263157894736842
QX,SCC,-20.0
QX,MTJ,
QX,SJT,
QX,AGS,
QX,MDT,
QX,ELM,
QX,HDN,15.5
QX,CWA,
QX,MOT,
QX,IDA,-2.6538461538461537
QX,FAR,
QX,GFK,
QX,JAC,
QX,LAW,
QX,SUN,16.857142857142858
QX,IMT,
QX,LCH,
QX,CLL,
QX,PHF,
QX,TRI,
QX,BET,
QX,PBG,
QX,BQN,
QX,BRD,
QX,DAB,
QX,DRO,
QX,STS,2.8
QX,ROA,
QX,DDC,
QX,INL,
QX,ORH,
QX,TXK,
QX,BFF,
QX,DHN,
QX,SCK,
QX,LRD,
QX,BTM,
QX,IPT,
QX,PIB,
QX,HYA,
QX,PVU,
QX,LBL,
QX,AZO,
QX,ACK,
QX,YUM,
QX,DRT,
QX,COD,
QX,LNK,
QX,SHD,
QX,CIU,
QX,HLN,-3.1904761904761907
QX,LWB,
QX,MEI,
QX,SAF,
QX,CYS,
QX,ABR,
QX,LCK,
QX,RKS,
QX,GCK,
QX,LWS,
QX,EAR,
QX,GTR,
QX,CSG,
QX,RFD,
QX,BLV,
QX,TYR,
QX,CMX,
QX,PAH,
QX,JST,
QX,TOL,
QX,PSG,
QX,MHK,
QX,YKM,6.148936170212766
QX,EAT,16.235294117647058
QX,SPI,
QX,BQK,
QX,TWF,
QX,PUB,
QX,DEC,
QX,ACT,
QX,HHH,
QX,PLN,
QX,HIB,
QX,GUC,
QX,ITH,
QX,OME,
QX,MBS,
QX,BFM,
QX,ADQ,
QX,LYH,
QX,RHI,
QX,ALW,2.6744186046511627
QX,DLG,6.225806451612903
QX,ALS,
QX,MMH,
QX,XWA,
QX,SPN,
QX,MVY,
QX,ERI,
QX,PGV,
QX,HGR,
QX,ATY,
QX,SMX,
QX,HVN,
QX,CGI,
QX,BKG,
QX,DIK,
QX,AKN,1.5
QX,RIW,
QX,FLO,
QX,GUM,
QX,EAU,
QX,TBN,
QX,HTS,
QX,PSM,
QX,EKO,
QX,PUW,0.21839080459770116
QX,FOD,
QX,CDB,
QX,WYS,
QX,OTH,
QX,VCT,
QX,PPG,
QX,OGS,
QX,ISN,
QX,ART,
QX,ILG,
QX,OWB,
QX,OGD,
QX,STC,
QX,GST,
QX,UIN,
QX,ADK,
HA,FLL,
HA,MSP,
HA,DEN,
HA,MCO,14.0
HA,DAL,
HA,DCA,
HA,HSV,
HA,IAH,
HA,SEA,14.640350877192983
HA,ATL,
HA,RDU,
HA,MDW,
HA,BDL,
HA,BWI,
HA,STT,
HA,SRQ,
HA,JFK,37.375
HA,GRR,
HA,DFW,
HA,CLT,
HA,ORD,
HA,LAS,15.046052631578947
HA,TUL,
HA,USA,
HA,SLC,
HA,BNA,
HA,AUS,106.46666666666667
HA,IND,
HA,MHT,
HA,SFO,-4.492063492063492
HA,PRC,
HA,BOS,43.1764705882353
HA,LAX,-1.3838383838383839
HA,SMF,4.074468085106383
HA,DTW,
HA,SAT,
HA,MSY,
HA,CMH,
HA,STL,
HA,SJU,
HA,PHX,20.821428571428573
HA,TPA,
HA,LGA,
HA,PHL,
HA,GRK,
HA,ILM,
HA,JLN,
HA,MKE,
HA,BIL,
HA,BLI,
HA,CHS,
HA,RIC,
HA,GSO,
HA,MCI,
HA,EWR,
HA,ELP,
HA,SDF,
HA,HPN,
HA,SAN,2.0
HA,BHM,
HA,SJC,-4.702127659574468
HA,ASE,
HA,HNL,3.9225050687091687
HA,MAF,
HA,BUF,
HA,TUS,
HA,SYR,
HA,MSN,
HA,FAT,
HA,FWA,
HA,LAN,
HA,ABI,
HA,ICT,
HA,CMI,
HA,OAK,6.317365269461078
HA,IAD,
HA,EUG,
HA,MIA,
HA,CHA,
HA,BTV,
HA,RSW,
HA,PDX,14.356435643564357
HA,SNA,
HA,PIT,
HA,OGG,5.621212121212121
HA,HRL,
HA,BIS,
HA,SHR,
HA,BOI,
HA,RNO,
HA,GSP,
HA,MLB,
HA,GRB,
HA,CRW,
HA,LGB,-6.804597701149425
HA,OKC,
HA,PVD,
HA,YAK,
HA,CID,
HA,FSD,
HA,HYS,
HA,VPS,
HA,ROC,
HA,SAV,
HA,CLE,
HA,RDD,
HA,ANC,
HA,DVL,
HA,SWO,
HA,BUR,
HA,PIR,
HA,HOU,
HA,PBI,
HA,MLI,
HA,AZA,
HA,MKG,
HA,PNS,
HA,MYR,
HA,GTF,
HA,LSE,
HA,RDM,
HA,ORF,
HA,KOA,2.005323868677906
HA,MQT,
HA,COS,
HA,CVG,
HA,MOB,
HA,AVL,
HA,BTR,
HA,JNU,
HA,CDC,
HA,SPS,
HA,ECP,
HA,JAX,
HA,SBN,
HA,RAP,
HA,AMA,
HA,JMS,
HA,SFB,
HA,ABQ,
HA,ALB,
HA,BGM,
HA,MGM,
HA,MEM,
HA,ONT,4.545454545454546
HA,TVC,
HA,GEG,
HA,OMA,
HA,ISP,
HA,DLH,
HA,PIE,
HA,PSP,
HA,ACY,
HA,BJI,
HA,LBB,
HA,SHV,
HA,TTN,
HA,PIA,
HA,GNV,
HA,PWM,
HA,BZN,
HA,BRW,
HA,MFR,
HA,GPT,
HA,ATW,
HA,DSM,
HA,CKB,
HA,SGU,
HA,SBA,
HA,OTZ,
HA,BGR,
HA,XNA,
HA,CAE,
HA,SGF,
HA,PGD,
HA,VLD,
HA,CPR,
HA,LIH,3.126142595978062
HA,JAN,
HA,OAJ,
HA,ABE,
HA,EGE,
HA,CRP,
HA,FNT,
HA,WRG,
HA,FCA,
HA,CHO,
HA,MRY,
HA,SCE,
HA,AEX,
HA,MCW,
HA,RST,
HA,SIT,
HA,BMI,
HA,ACV,
HA,GCC,
HA,LFT,
HA,ITO,2.056338028169014
HA,ABY,
HA,GRI,
HA,BPT,
HA,APN,
HA,TLH,
HA,FSM,
HA,ALO,
HA,FAY,
HA,GJT,
HA,IAG,
HA,FLG,
HA,LBE,
HA,CAK,
HA,BFL,
HA,VEL,
HA,STX,
HA,TYS,
HA,EYW,
HA,AVP,
HA,KTN,
HA,EVV,
HA,BRO,
HA,SWF,
HA,LIT,
HA,GGG,
HA,MSO,
HA,PSC,
HA,SLN,
HA,SBP,
HA,BIH,
HA,MLU,
HA,HOB,
HA,DAY,
HA,DBQ,
HA,ROW,
HA,LEX,
HA,PIH,
HA,EWN,
HA,ESC,
HA,SUX,
HA,PAE,
HA,CNY,
HA,CDV,
HA,COU,
HA,LBF,
HA,MFE,
HA,PSE,
HA,LAR,
HA,FAI,
HA,SCC,
HA,MTJ,
HA,SJT,
HA,AGS,
HA,MDT,
HA,ELM,
HA,HDN,
HA,CWA,
HA,MOT,
HA,IDA,
HA,FAR,
HA,GFK,
HA,JAC,
HA,LAW,
HA,SUN,
HA,IMT,
HA,LCH,
HA,CLL,
HA,PHF,
HA,TRI,
HA,BET,
HA,PBG,
HA,BQN,
HA,BRD,
HA,DAB,
HA,DRO,
HA,STS,
HA,ROA,
HA,DDC,
HA,INL,
HA,ORH,
HA,TXK,
HA,BFF,
HA,DHN,
HA,SCK,
HA,LRD,
HA,BTM,
HA,IPT,
HA,PIB,
HA,HYA,
HA,PVU,
HA,LBL,
HA,AZO,
HA,ACK,
HA,YUM,
HA,DRT,
HA,COD,
HA,LNK,
HA,SHD,
HA,CIU,
HA,HLN,
HA,LWB,
HA,MEI,
HA,SAF,
HA,CYS,
HA,ABR,
HA,LCK,
HA,RKS,
HA,GCK,
HA,LWS,
HA,EAR,
HA,GTR,
HA,CSG,
HA,RFD,
HA,BLV,
HA,TYR,
HA,CMX,
HA,PAH,
HA,JST,
HA,TOL,
HA,PSG,
HA,MHK,
HA,YKM,
HA,EAT,
HA,SPI,
HA,BQK,
HA,TWF,
HA,PUB,
HA,DEC,
HA,ACT,
HA,HHH,
HA,PLN,
HA,HIB,
HA,GUC,
HA,ITH,
HA,OME,
HA,MBS,
HA,BFM,
HA,ADQ,
HA,LYH,
HA,RHI,
HA,ALW,
HA,DLG,
HA,ALS,
HA,MMH,
HA,XWA,
HA,SPN,
HA,MVY,
HA,ERI,
HA,PGV,
HA,HGR,
HA,ATY,
HA,SMX,
HA,HVN,
HA,CGI,
HA,BKG,
HA,DIK,
HA,AKN,
HA,RIW,
HA,FLO,
HA,GUM,
HA,EAU,
HA,TBN,
HA,HTS,
HA,PSM,
HA,EKO,
HA,PUW,
HA,FOD,
HA,CDB,
HA,WYS,
HA,OTH,
HA,VCT,
HA,PPG,13.5
HA,OGS,
HA,ISN,
HA,ART,
HA,ILG,
HA,OWB,
HA,OGD,
HA,STC,
HA,GST,
HA,UIN,
HA,ADK,
